BookID,FormatID,Edition,Book Name,Genre,Genre Group,More than One Edition (1=Y),Author1ID,Author2ID,Author 1 - First Name,Author 1 - Last Name,Author 1 - Gender (1=M),Author 1 - Country of Origin,Author 1 - Ethnicity,Author 1 - DOB,Author 1 - Age,Author 2 - First Name,Author 2 - Last Name,Author 2 - Gender (1=M),Any Female Authors (0 = Y),Author 2 - Country of Origin,Author 2 - Ethnicity,Author 2 - DOB,Author 2 - Age,LanguageID,Mentions,Pages,PlaceOfPublicationID,PublisherID,Size,Date,Width,Depth,Height,Unit,Year,Decade,Any Female Authors?,Gender,Race
0,SC,NA,7 Miles A Second,Memoir,Graphic Novel,1,0,N/A,David,Wojnarowicz,1,USA,White,19981,41,NA,NA,NA,1,NA,NA,NA,NA,English,1,64,"Seattle, USA",Fantagraphics,6.6 x 0.1 x 10.2 inches,5/1/1996,6.6,0.1,10.2,inches,1996,1990-1999,Only Male Author(s),Male,White
1,SC,Reprint Edition,A Contract With God,Fiction,Non-Fiction,0,1,N/A,Will,Eisner,1,USA,White,6275,89,NA,NA,NA,1,NA,NA,NA,NA,English,4,208,"New York, USA",W. W. Norton and Company,7.1 x 0.6 x 9.9 inches,12/17/2006,7.1,0.6,9.9,inches,2006,2000-2009,Only Male Author(s),Male,White
3,HC,NA,A Small Killing,Literary Fiction,Graphic Novel,1,3,N/A,Alan,Moore,1,UK,White,19681,49,NA,NA,NA,1,NA,NA,NA,NA,English,1,104,"Rantoul, USA",Avatar Press,8.8 x 0.5 x 11.2 inches,8/18/2003,8.8,0.5,11.2,inches,2003,2000-2009,Only Male Author(s),Male,White
4,SC,NA,Tale of Sand,Literary Fiction,Graphic Novel,0,4,5,Jim,Henson,1,USA,White,13417,76,Jerry,Juhl,1,1,USA,White,14088,74,English,1,120,"Los Angeles, USA",Archaia,8.2 x 11 inches,12/11/2012,8.2,0.8,11,inches,2012,2010-2017,Only Male Author(s),Male,White
5,HC,Slp edition,Absolute Justice,Superhero,Graphic Novel,0,6,7,Alex,Ross,1,USA,White,25590,39,Jim,Krueger,1,1,USA,White,0,NA,English,1,496,"New York, USA",DC Comics,8.6 x 1.6 x 12.8 inches,11/17/2009,8.6,1.6,12.8,inches,2009,2000-2009,Only Male Author(s),Male,White
6,HC,First Edition,Age of Ultron,Superhero,Graphic Novel,1,8,N/A,Brian Michael,Bendis,1,USA,White,24702,46,NA,NA,NA,1,NA,NA,NA,NA,English,1,504,"New York, USA",Marvel,19.7 x 2.5 x 28.6 cm,9/17/2013,7.8,1,11.2,inches,2013,2010-2017,Only Male Author(s),Male,White
8,SC,Reprint Edition,American Born Chinese,Literary Fiction,Graphic Novel,1,10,N/A,Gene Luen,Yang,1,USA,Asian,26885,33,NA,NA,NA,1,NA,NA,NA,NA,English,2,233,"New York, USA",First Second,5.5 x 0.5 x 8.2 inches,12/23/2006,5.5,0.5,8.2,inches,2006,2000-2009,Only Male Author(s),Male,Asian
9,SC,1st edition,American Splendor,Memoir,Graphic Novel,0,11,N/A,Harvey,Pekar,1,USA,White,14526,63,NA,NA,NA,1,NA,NA,NA,NA,English,0,320,"New York, USA",Ballantine Books,8.3 x 0.8 x 10.9 inches,7/29/2003,8.3,0.8,10.9,inches,2003,2000-2009,Only Male Author(s),Male,White
10,HC,Gph edition,American Widow,Memoir,Graphic Novel,0,12,N/A,Alissa,Torres,0,Unknown,Unknown,0,NA,NA,NA,NA,0,NA,NA,NA,NA,English,0,209,"New York, USA",Villard,7.3 x 0.8 x 9.6 inches,9/9/2008,7.3,0.8,9.6,inches,2008,2000-2009,At Least 1 Female Author,Female,Unknown
11,HC,First Edition,Asterios Polyp,Literary Fiction,Graphic Novel,0,13,N/A,David,Mazzucchelli,1,USA,Unknown,22180,48,NA,NA,NA,1,NA,NA,NA,NA,English,0,344,New York City,Pantheon,8 x 1.2 x 10.5 inches,7/7/2009,8,1.2,10.5,inches,2009,2000-2009,Only Male Author(s),Male,Unknown
15,SC,New edition,Batman: Dark Victory,Superhero,Graphic Novel,0,21,N/A,Jeph,Loeb,1,USA,White,21214,56,NA,NA,NA,1,NA,NA,NA,NA,English,1,400,"New York, USA",DC Comics,6.6 x 0.5 x 10.2 inches,2/18/2014,6.6,0.5,10.2,inches,2014,2010-2017,Only Male Author(s),Male,White
16,SC,NA,Batman: The Dark Knight Returns,Superhero,Graphic Novel,0,22,N/A,Frank,Miller,1,USA,White,20847,45,NA,NA,NA,1,NA,NA,NA,NA,English,4,224,"New York, USA",DC Comics,6.6 x 0.4 x 10.2 inches,12/1/2002,6.6,0.4,10.2,inches,2002,2000-2009,Only Male Author(s),Male,White
18,SC,NA,Batman: The Long Halloween,Superhero,Graphic Novel,0,21,N/A,Jeph,Loeb,1,USA,White,21214,53,NA,NA,NA,1,NA,NA,NA,NA,English,2,384,"New York, USA",DC Comics,6.6 x 0.6 x 10.2 inches,10/11/2011,6.6,0.6,10.2,inches,2011,2010-2017,Only Male Author(s),Male,White
19,HC,1st edition,Batman: Year One,Superhero,Graphic Novel,1,22,N/A,Frank,Miller,1,USA,White,20847,30,NA,NA,NA,1,NA,NA,NA,NA,English,1,96,"New York, USA",DC Comics,10.3 x 6.9 x 0.7 inches,1/1/1988,6.9,0.7,10.3,inches,1988,1980-1989,Only Male Author(s),Male,White
20,HC,1St Edition edition,Beasts of Burden: Animal Rites,Adventure,NA,0,23,184,Evan,Dorkin,1,USA,White,23852,45,Jill,Thompson,0,0,USA,White,24431,43,English,1,168,"Milwaukee, USA",Dark Horse,8 x 0.8 x 11.3 inches,7/6/2010,8,0.8,11.3,inches,2010,2010-2017,At Least 1 Female Author,Male,White
21,SC,1st Printing edition,Beowulf,Fantasy,Non-Fiction,0,24,N/A,Stephen L.,Stern,1,USA,White,0,NA,NA,NA,NA,1,NA,NA,NA,NA,English,1,66,"Stevenage, UK",Markosia Enterprises Ltd,6.7 x 0.2 x 9.6 inches,10/1/2007,6.7,0.2,9.6,inches,2007,2000-2009,Only Male Author(s),Male,White
22,SC,1st edition,"Berlin, Vol. 2: City of Smoke",Historical Non-Fiction,Non-Fiction,0,73,N/A,Jason,Lutes,1,USA,White,24813,40,NA,NA,NA,1,NA,NA,NA,NA,English,1,210,"Montreal, Canada",Drawn and Quarterly,7.5 x 0.7 x 10 inches,9/16/2008,7.5,0.7,10,inches,2008,2000-2009,Only Male Author(s),Male,White
23,SC,1st edition,"Berlin, Vol.1: City of Stones",Historical Non-Fiction,Non-Fiction,0,73,N/A,Jason,Lutes,1,USA,White,24813,32,NA,NA,NA,1,NA,NA,NA,NA,English,1,209,"Montreal, Canada",Drawn and Quarterly,7.4 x 0.8 x 9.3 inches,6/1/2000,7.4,0.8,9.3,inches,2000,2000-2009,Only Male Author(s),Male,White
24,HC,NA,Black Hole,Coming of Age,NA,1,40,N/A,Charles,Burns,1,USA,White,20359,50,NA,NA,NA,1,NA,NA,NA,NA,English,4,352,New York City,Pantheon,6.9 x 1.5 x 9.5 inches,10/18/2005,6.9,1.5,9.5,inches,2005,2000-2009,Only Male Author(s),Male,White
26,HC,Box Pck edition,Building Stories,Literary Fiction,Graphic Novel,0,42,N/A,Chris,Ware,1,USA,White,24834,44,NA,NA,NA,1,NA,NA,NA,NA,English,2,260,New York City,Pantheon,11.7 x 1.9 x 16.6 inches,10/2/2012,11.7,1.9,16.6,inches,2012,2010-2017,Only Male Author(s),Male,White
27,HC,NA,Cages,Fantasy,Non-Fiction,1,47,N/A,Dave,McKean,1,UK,White,23374,38,NA,NA,NA,1,NA,NA,NA,NA,English,1,496,"New York City, USA",NBM Publishing,11.5 x 8.8 x 1.4 inches,4/1/2002,8.8,1.4,11.5,inches,2002,2000-2009,Only Male Author(s),Male,White
28,HC,NA,Cairo,Mystery,Graphic Novel,1,61,0,G. Willow,Wilson,0,USA,White,30194,25,David,Wojnarowicz,1,0,USA,White,19981,53,English,1,160,New York City,Vertigo,7.2 x 0.6 x 9.4 inches,11/7/2007,7.2,0.6,9.4,inches,2007,2000-2009,At Least 1 Female Author,Female,White
29,HC,First Edition edition,Can't We Talk about Something More Pleasant?: A Memoir,Memoir,Graphic Novel,0,121,N/A,Roz,Chast,0,USA,White,20054,59,NA,NA,NA,0,NA,NA,NA,NA,English,1,228,"New York, USA",Bloomsbury USA,7.7 x 0.9 x 9.5 inches,5/6/2014,7.7,0.9,9.5,inches,2014,2010-2017,At Least 1 Female Author,Female,White
30,HC,1 edition,Cancer Vixen: A True Story,Memoir,Graphic Novel,1,97,N/A,Marisa Acocella,Marchetto,0,USA,White,22647,44,NA,NA,NA,0,NA,NA,NA,NA,English,1,224,New York City,Knopf,NA,9/26/2006,7.8,0.8,8.2,inches,2006,2000-2009,At Least 1 Female Author,Female,White
31,SC,NA,Carnet De Voyage,Travel Writing,Graphic Novel,0,43,N/A,Craig,Thompson,1,USA,White,27658,28,NA,NA,NA,1,NA,NA,NA,NA,English,1,224,"Marietta, USA",Top Shelf Productions,0.8 x 5.5 x 7.5 inches,8/3/2004,5.5,0.8,7.5,inches,2004,2000-2009,Only Male Author(s),Male,White
32,HC,1 edition,Castle Waiting Vol. 2: The Definitive Edition,Fairy Tale,Non-Fiction,0,90,N/A,Linda,Medley,0,USA,White,23514,49,NA,NA,NA,0,NA,NA,NA,NA,English,1,464,"Seattle, USA",Fantagraphics,5.9 x 1.6 x 8.3 inches,5/17/2013,5.9,1.6,8.3,inches,2013,2010-2017,At Least 1 Female Author,Female,White
34,SC,Reprint edition,City of Glass: The Graphic Novel,Mystery,Graphic Novel,0,115,N/A,Paul,Auster,1,USA,White,17201,57,NA,NA,NA,1,NA,NA,NA,NA,English,1,144,"New York, USA",Picador,5.5 x 0.3 x 8.2 inches,8/1/2004,5.5,0.3,8.2,inches,2004,2000-2009,Only Male Author(s),Male,White
36,SC,NA,Civil War,Superhero,Graphic Novel,0,100,N/A,Mark,Millar,1,UK,White,25561,37,NA,NA,NA,1,NA,NA,NA,NA,English,2,208,New York City,Marvel,6.8 x 0.4 x 10.2 inches,4/11/2007,6.8,0.4,10.2,inches,2007,2000-2009,Only Male Author(s),Male,White
37,SC,NA,Complete Multiple Warheads TP,Fantasy,Non-Fiction,0,36,N/A,Brandon,Graham,1,USA,White,27760,38,NA,NA,NA,1,NA,NA,NA,NA,English,1,208,"Berkeley, USA",Image Comics,0.5 x 6.5 x 10 inches,1/21/2014,6.5,0.5,10,inches,2014,2010-2017,Only Male Author(s),Male,White
38,SC,NA,Corridor: A Graphic Novel,Literary Fiction,Graphic Novel,0,124,N/A,Sarnath,Banerjee,1,India,Asian,26299,32,NA,NA,NA,1,NA,NA,NA,NA,English,1,112,"New Delhi, India",Penguin Books,8.5 x 6.3 x 0.4 inches,3/1/2004,6.3,0.4,8.5,inches,2004,2000-2009,Only Male Author(s),Male,Asian
40,HC,1st Edition,Daredevil: Born Again,Superhero,Graphic Novel,1,22,N/A,Frank,Miller,1,USA,White,20847,52,NA,NA,NA,1,NA,NA,NA,NA,English,2,248,New York City,Marvel,10.4 x 6.9 x 0.8 inches,1/1/2010,6.9,0.8,10.4,inches,2010,2010-2017,Only Male Author(s),Male,White
41,HC,First Edition,Daredevil: The Man Without Fear,Superhero,Graphic Novel,1,22,N/A,Frank,Miller,1,USA,White,20847,51,NA,NA,NA,1,NA,NA,NA,NA,NA,0,224,"New York, USA",Marvel,NA,12/24/2008,7,0.8,10.5,inches,2008,2000-2009,Only Male Author(s),Male,White
42,SC,1st Edition,Darkroom: A Memoir in Black and White,Memoir,Graphic Novel,0,89,N/A,Lila Quintero,Weaver,0,Argentina,Hispanic Origin,20090,57,NA,NA,NA,0,NA,NA,NA,NA,English,1,250,"Tuscaloosa, USA",University Alabama Press,6.1 x 0.8 x 9.2 inches,3/1/2012,6.1,0.8,9.2,inches,2012,2010-2017,At Least 1 Female Author,Female,Hispanic Origin
43,SC,1st edition,Daytripper,Literary Fiction,Graphic Novel,1,63,179,Gabriel,Ba,1,Brazil,Hispanic Origin,27916,34,Fabio,Moon,1,1,Brazil,Hispanic Origin,27916,34,English,2,248,"New York, USA",DC Comics,6.7 x 0.6 x 10.2 inches,2/8/2011,6.7,0.6,10.2,inches,2011,2010-2017,Only Male Author(s),Male,Hispanic Origin
44,SC,The Deluxe Edition,DC: The New Frontier,Superhero,Graphic Novel,0,46,N/A,Darwyn,Cooke,1,Canada,White,22647,42,NA,NA,NA,1,NA,NA,NA,NA,English,1,511,"New York, USA",DC Comics,NA,12/1/2004,6.7,1.1,10.2,inches,2004,2000-2009,Only Male Author(s),Male,White
45,SC,NA,Deadpool Kills the Marvel Universe,Horror,Graphic Novel,0,44,N/A,Cullen,Bunn,1,USA,White,25934,41,NA,NA,NA,1,NA,NA,NA,NA,English,1,96,"New York, USA",Marvel,6.8 x 0.2 x 10.2 inches,11/14/2012,6.8,0.2,10.2,inches,2012,2010-2017,Only Male Author(s),Male,White
50,HC,First Edition,Elektra Lives Again,Action/Adventure,NA,1,22,N/A,Frank,Miller,1,USA,White,20847,33,NA,NA,NA,1,NA,NA,NA,NA,English,1,80,"New York, USA",Marvel,12 x 9.3 x 5 inches,1/1/1991,9.3,0.5,12,inches,1991,1990-1999,Only Male Author(s),Male,White
52,HC,NA,Exit Wounds,Coming of Age,NA,1,122,0,Rutu,Modan,0,Israel,White,24108,41,David,Wojnarowicz,1,0,USA,White,19981,52,English,2,168,"Montreal, Canada",Drawn and Quarterly,9.3 x 7.1 x 0.9 inches,6/12/2007,7.1,0.9,9.3,inches,2007,2000-2009,At Least 1 Female Author,Female,White
53,HC,1st Edition,Fables: 1001 Nights of Snowfall,Fantasy,Non-Fiction,1,35,N/A,Bill,Willingham,1,USA,White,20455,50,NA,NA,NA,1,NA,NA,NA,NA,English,1,144,"New York, USA",Vertigo,6.9 x 0.6 x 10.4 inches,10/18/2006,6.9,0.6,10.4,inches,2006,2000-2009,Only Male Author(s),Male,White
54,SC,Gph edition,Fax from Sarajevo,Memoir,Graphic Novel,0,79,N/A,Joe,Kubert,1,Poland,White,9758,70,NA,NA,NA,1,NA,NA,NA,NA,English,1,180,"Milwaukee, USA",Dark Horse,11.1 x 8.6 x 0.9 inches,10/15/1996,8.6,0.9,11.1,inches,1996,1990-1999,Only Male Author(s),Male,White
55,SC,NA,The Finder Library. Volume 1,Science Fiction,Graphic Novel,0,39,N/A,Carla Speed,McNeill,0,USA,White,0,NA,NA,NA,NA,0,NA,NA,NA,NA,English,1,590,"Milwaukee, USA",Dark Horse,6 x 1.7 x 9 inches,4/5/2011,6,1.7,9,inches,2011,2010-2017,At Least 1 Female Author,Female,White
57,SC,New edition,From Hell,Crime,Graphic Novel,1,3,N/A,Alan,Moore,1,UK,White,19681,50,NA,NA,NA,1,NA,NA,NA,NA,English,3,572,"Marietta, Georgia, USA",Top Shelf Productions,1.5 x 7.8 x 10.2 inches,6/8/2004,7.8,1.5,10.2,inches,2004,2000-2009,Only Male Author(s),Male,White
58,HC,1St Edition,Fun Home,Memoir,Graphic Novel,1,30,N/A,Alison,Bechdel,0,USA,White,22169,45,NA,NA,NA,0,NA,NA,NA,NA,English,5,240,"Boston, USA",Houghton Mifflin Harcourt,8.6.2006,6/8/2006,6,0.7,9,inches,2006,2000-2009,At Least 1 Female Author,Female,White
59,SC,Original edition,Gaylord Phoenix,Fantasy,Non-Fiction,0,55,N/A,Edie,Fake,1,USA,White,29221,30,NA,NA,NA,1,NA,NA,NA,NA,English,1,256,"New York, USA",Secret Acres,0.8 x 5.5 x 8.5 inches,12/1/2010,5.5,0.8,8.5,inches,2010,2010-2017,Only Male Author(s),Male,White
60,SC,New edition,Gemma Bovery,Literary Fiction,Graphic Novel,1,117,N/A,Posy,Simmonds,0,UK,White,16658,55,NA,NA,NA,0,NA,NA,NA,NA,English,3,104,New York City,Pantheon,6.6 x 0.3 x 11.3 inches,1/1/2001,6.6,0.3,11.3,inches,2001,2000-2009,At Least 1 Female Author,Female,White
61,SC,NA,Ghost World,Coming of Age,NA,1,45,N/A,Daniel,Clowes,1,USA,White,22385,39,NA,NA,NA,1,NA,NA,NA,NA,English,2,80,"Seattle, USA",Fantagraphics,6.7 x 0.3 x 10.2 inches,4/1/2001,6.7,0.3,10.2,inches,2001,2000-2009,Only Male Author(s),Male,White
62,SC,NA,"Hawkeye, Vol. 1: My Life as a Weapon",Superhero,Graphic Novel,0,101,N/A,Matt,Fraction,1,USA,White,27729,37,NA,NA,NA,1,NA,NA,NA,NA,English,1,136,"New York, USA",Marvel,6.5 x 0.2 x 10.2 inches,3/19/2013,6.5,0.2,10.2,inches,2013,2010-2017,Only Male Author(s),Male,White
63,HC,Library edition,"Hellboy Library Edition, Volume 1: Seed of Destruction and Wake the Devil",Horror,Graphic Novel,0,14,N/A,Mike,Mignola,1,USA,White,22175,47,NA,NA,NA,1,NA,NA,NA,NA,English,2,288,"Milwaukee, USA",Dark Horse,9.3 x 1.2 x 12.1 inches,5/20/2008,9.3,1.2,12.1,inches,2008,2000-2009,Only Male Author(s),Male,White
64,HC,NA,"Hellboy Library Edition, Volume 2: The Chained Coffin, The Right Hand of Doom, and Others",Superhero,Graphic Novel,0,14,N/A,Mike,Mignola,1,USA,White,22175,48,NA,NA,NA,1,NA,NA,NA,NA,English,1,281,"Milwaukee, USA",Dark Horse,9.2 x 1.3 x 12.1 inches,10/21/2008,9.2,1.3,12.1,inches,2008,2000-2009,Only Male Author(s),Male,White
65,SC,Reissue edition,Hicksville,Mystery,Graphic Novel,0,53,N/A,Dylan,Horrocks,1,New Zealand,White,24108,48,NA,NA,NA,1,NA,NA,NA,NA,English,1,238,"Montreal, Canada",Drawn and Quarterly,6.4 x 0.8 x 9.6 inches,7/1/2014,6.4,0.8,9.6,inches,2014,2010-2017,Only Male Author(s),Male,White
66,HC,NA,How to Understand Israel in 60 Days or Less,Memoir,Graphic Novel,1,123,N/A,Sarah,Glidden,0,USA,White,29388,30,NA,NA,NA,0,NA,NA,NA,NA,English,1,208,"New York, USA",Vertigo,NA,11/9/2010,6,0.4,9,inches,2010,2010-2017,At Least 1 Female Author,Female,White
67,HC,NA,I Never Liked You,Memoir,Graphic Novel,1,41,N/A,Chester,Brown,1,Canada,White,22052,33,NA,NA,NA,1,NA,NA,NA,NA,English,1,187,"Montreal, Canada",Drawn and Quarterly,01.01.94,1/1/1994,0,0,0,NA,1994,1990-1999,Only Male Author(s),Male,White
68,SC,NA,Icon. Vol.1: A Hero's Welcome,Superhero,Graphic Novel,0,52,N/A,Dwayne,McDuffle,1,Unknown,African American,22697,47,NA,NA,NA,1,NA,NA,NA,NA,English,1,191,"New York, USA",DC Comics,6.6 x 0.4 x 10.2 inches,10/6/2009,6.6,0.4,10.2,inches,2009,2000-2009,Only Male Author(s),Male,African American
69,HC,NA,The Infinity Gauntlet,Science Fiction,Graphic Novel,1,78,N/A,Jim,Starlin,1,USA,White,18180,60,NA,NA,NA,1,NA,NA,NA,NA,English,2,256,New York City,Marvel,7 x 0.8 x 10.5 inches,7/28/2010,7,0.8,10.5,inches,2010,2010-2017,Only Male Author(s),Male,White
70,HC,NA,It's A Bird,Memoir,Graphic Novel,1,129,N/A,Steven T.,Seagle,1,USA,White,0,NA,NA,NA,NA,1,NA,NA,NA,NA,English,1,134,"New York, USA",Vertigo,7 x 0.5 x 10.5 inches,5/1/2004,7,0.5,10.5,inches,2004,2000-2009,Only Male Author(s),Male,White
71,HC,2nd edition,"It's a Good Life, If You Don't Weaken",Memoir,Graphic Novel,1,125,N/A,Gregory,Gallant,1,Unknown,White,22905,37,NA,NA,NA,1,NA,NA,NA,NA,English,3,176,"Montreal, Canada",Drawn and Quarterly,9 x 6.7 x 0.8 inches,8/1/2000,6.7,0.8,9,inches,2000,2000-2009,Only Male Author(s),Male,White
73,HC,First Edition edition,Jimmy Corrigan: The Smartest Kid on Earth,Literary Fiction,Graphic Novel,1,42,N/A,Chris,Ware,1,USA,White,24834,32,NA,NA,NA,1,NA,NA,NA,NA,English,4,380,New York City,Pantheon,6.8 x 1.6 x 8.4 inches,9/12/2000,8.4,1.6,6.8,inches,2000,2000-2009,Only Male Author(s),Male,White
76,HC,NA,Need More Love: A Graphic Memoir,Memoir,Graphic Novel,0,264,N/A,Aline,Kominsky-Crumb,0,USA,White,17746,58,NA,NA,NA,0,NA,NA,NA,NA,Spanish,1,285,"London, UK",M Q Publications,6.7 x 0.6 x 9.4 inches,2/1/2007,7.1,1.7,9.7,inches,2007,2000-2009,At Least 1 Female Author,Female,White
77,SC,Original Edition,Logicomix: An Epic Search for Truth,Educational,Non-Fiction,0,31,32,Apostolos,Doxiadis,1,Australia,White,19516,56,Christos,Papadimitriou,1,1,Greece,White,18126,60,English,1,352,"New York, USA",Bloomsbury USA,5.1 x 0.9 x 9.3 inches,9/29/2009,5.1,0.9,9.3,inches,2009,2000-2009,Only Male Author(s),Male,White
79,HC,NA,Lost Girls,Adult,NA,0,3,N/A,Alan,Moore,1,UK,White,19681,55,NA,NA,NA,1,NA,NA,NA,NA,English,1,320,"Marietta, Georgia, USA",Top Shelf Productions,9 x 2 x 12 inches,7/28/2009,9,2,12,inches,2009,2000-2009,Only Male Author(s),Male,White
81,SC,1st edition,Mail Order Bride,Literary Fiction,Graphic Novel,0,99,N/A,Mark,Kalesniko,1,Canada,White,0,NA,NA,NA,NA,1,NA,NA,NA,NA,English,1,261,"Seattle, USA",Fantagraphics,7.6 x 0.9 x 11 inches,6/17/2003,7.6,0.9,11,inches,2003,2000-2009,Only Male Author(s),Male,White
82,SC,NA,"Marbles: Mania, Depression, Michelangelo, and Me: A Graphic Memoir",Memoir,Graphic Novel,0,56,N/A,Ellen,Forney,0,USA,White,24905,44,NA,NA,NA,0,NA,NA,NA,NA,English,1,237,"New York, USA",Penguin Group,5.9 x 0.8 x 9 inches,11/6/2012,5.9,0.8,9,inches,2012,2010-2017,At Least 1 Female Author,Female,White
83,SC,First Edition,March: Book One,Biography,NA,0,81,165,John,Lewis,1,USA,African American,14662,73,Andrew,Aydin,1,1,USA,White,30553,29,English,2,121,"Marietta, Georgia, USA",Top Shelf Productions,0.5 x 6.5 x 9.2 inches,8/13/2013,6.5,0.5,9.2,inches,2013,2010-2017,Only Male Author(s),Male,African American
84,SC,NA,March: Book Two,Biography,NA,0,81,165,John,Lewis,1,USA,African American,14662,74,Andrew,Aydin,1,1,USA,White,30553,31,English,1,179,"Marietta, Georgia, USA",Top Shelf Productions,0.5 x 6.5 x 9.5 inches,1/20/2015,6.5,0.5,9.5,inches,2015,2010-2017,Only Male Author(s),Male,African American
85,SC,NA,Miracleman: The Golden Age,Superhero,Graphic Novel,0,108,N/A,Neil,Gaiman,1,UK,White,22230,31,NA,NA,NA,1,NA,NA,NA,NA,English,1,160,"London, UK",Eclipse Books,10.1 x 6.5 x 0.3 inches,1/1/1992,6.5,0.3,10.1,inches,1992,1990-1999,Only Male Author(s),Male,White
86,HC,NA,Mom's Cancer,Biography,NA,0,37,N/A,Brian,Fies,1,Unknown,Unknown,0,NA,NA,NA,NA,1,NA,NA,NA,NA,English,1,112,"New York, USA",Harry N. Abrams,7.6 x 0.6 x 5.5 inches,1/1/2009,7.6,0.6,5.5,inches,2009,2000-2009,Only Male Author(s),Male,Unknown
87,SC,2nd edition,"Mother, Come Home",Literary Fiction,Graphic Novel,1,116,N/A,Paul,Hornschemeier,1,USA,White,28425,26,NA,NA,NA,1,NA,NA,NA,NA,English,1,128,"Seattle, USA",Fantagraphics,9.2 x 6.9 x 0.4 inches,2/3/2004,9.2,0.4,6.9,inches,2004,2000-2009,Only Male Author(s),Male,White
88,SC,1 edition,Narcissa,Coming of Age,NA,0,87,N/A,Lance,Tooks,1,USA,African American,0,NA,NA,NA,NA,1,NA,NA,NA,NA,English,1,208,"New York, USA",Doubleday,8 x 0.6 x 10.9 inches,9/17/2002,10.9,0.6,8,inches,2002,2000-2009,Only Male Author(s),Male,African American
89,SC,NA,Nat Turner,Biography,NA,1,86,N/A,Kyle,Baker,1,USA,African American,23743,43,NA,NA,NA,1,NA,NA,NA,NA,English,1,200,"New York, USA",Harry N. Abrams,6 x 0.9 x 9 inches,6/1/2008,6,0.9,9,inches,2008,2000-2009,Only Male Author(s),Male,African American
91,HC,NA,One Hundred Demons,Memoir,Graphic Novel,1,95,N/A,Lynda,Barry,0,USA,Other Race,20456,46,NA,NA,NA,0,NA,NA,NA,NA,English,2,224,"Seattle, USA",Sasquatch Books,6.3 x 9.7 x 0.9 inches,8/13/2002,9.7,0.9,6.3,inches,2002,2000-2009,At Least 1 Female Author,Female,Other Race
94,SC,NA,Our Cancer Year,Memoir,Graphic Novel,0,11,71,Harvey,Pekar,1,USA,White,14526,55,Joyce,Brabner,0,0,USA,White,19054,42,English,2,252,"New York, USA",Four Walls Eight Windows,10 x 8 x 0.4 inches,10/13/1994,8,0.4,10,inches,1994,1990-1999,At Least 1 Female Author,Male,White
95,SC,1st edition,Palestine,Graphic Journalism,Non-Fiction,0,80,N/A,Joe,Sacco,1,Malta,White,22191,41,NA,NA,NA,1,NA,NA,NA,NA,English,2,285,"Seattle, USA",Fantagraphics,7.2 x 0.9 x 10.8 inches,12/17/2001,7.2,0.9,10.8,inches,2001,2000-2009,Only Male Author(s),Male,White
96,HC,1st edition,"Palomar: The Heartbreak Soup Stories, A Love and Rockets Book",Literary Fiction,Graphic Novel,0,69,N/A,Gilbert,Hernandez,1,USA,Other Race,20852,46,NA,NA,NA,1,NA,NA,NA,NA,English,1,512,"Seattle, USA",Fantagraphics,0.9 x 0.2 x 1.1 inches,11/17/2003,7.5,0.7,9,inches,2003,2000-2009,Only Male Author(s),Male,Other Race
97,SC,First Edition,Paul Has a Summer Job,Coming of Age,NA,0,104,N/A,Michel,Rabagliati,1,Canada,White,22282,41,NA,NA,NA,1,NA,NA,NA,NA,English,1,145,"Montreal, Canada",Drawn and Quarterly,7.6 x 0.6 x 9.9 inches,8/1/2002,7.6,0.6,9.9,inches,2002,2000-2009,Only Male Author(s),Male,White
98,SC,Reprint edition,Paul Joins the Scouts,Coming of Age,NA,0,104,N/A,Michel,Rabagliati,1,Canada,White,22282,52,NA,NA,NA,1,NA,NA,NA,NA,English,1,143,"Montreal, Canada",Conundrum Press,0.5 x 7.2 x 9.5 inches,5/23/2013,7.2,0.5,9.5,inches,2013,2010-2017,Only Male Author(s),Male,White
99,SC,NA,"Pedro and Me: Friendship, Loss, and What I Learned",Memoir,Graphic Novel,0,82,N/A,Judd,Winick,1,USA,White,25611,39,NA,NA,NA,1,NA,NA,NA,NA,English,1,180,"New York, USA","Henry Holt and Company, LLC",6.4 x 0.5 x 9.1 inches,3/31/2009,6.4,0.5,9.1,inches,2009,2000-2009,Only Male Author(s),Male,White
102,HC,1St Edition,RASL,Science Fiction,Graphic Novel,0,76,N/A,Jeff,Smith,1,USA,White,21973,53,NA,NA,NA,1,NA,NA,NA,NA,English,1,468,"Columbus, USA",Cartoon Books,1.5 x 8 x 10.2 inches,9/17/2013,8,1.5,10.2,inches,2013,2010-2017,Only Male Author(s),Male,White
103,HC,NA,Red: A Haida Manga,Action/Adventure,NA,1,103,N/A,Michael Nicoll,Yahgulanaas,1,Canada,Native American,19725,56,NA,NA,NA,1,NA,NA,NA,NA,English,1,120,"Vancouver, Canada",Douglas and McIntyre,9 x 8.4 x 0.6 inches,2/23/2010,9,0.6,8.4,inches,2010,2010-2017,Only Male Author(s),Male,Native American
105,HC,NA,Richard Stark's Parker: Slayground,Crime,Graphic Novel,0,308,308,Donald Edwin,Westlake (Richard Stark),1,USA,White,12247,80,Donald Edwin,Westlake (Richard Stark),1,1,USA,White,12247,80,English,1,96,"San Diego, USA",IDW Publishing,13.7 x 9.4 x 1.7 inches,12/26/2013,6.8,0.8,9.5,inches,2013,2010-2017,Only Male Author(s),Male,White
106,SC,NA,"Safe Area Gorau017ede: The War in Eastern Bosnia, 1992-1995",Graphic Journalism,Non-Fiction,1,80,N/A,Joe,Sacco,1,Malta,White,22191,41,NA,NA,NA,1,NA,NA,NA,NA,English,2,227,"Seattle, USA",Fantagraphics,7.6 x 0.6 x 10 inches,1/17/2002,7.6,0.6,10,inches,2002,2000-2009,Only Male Author(s),Male,White
107,HC,NA,"Saga of the Swamp Thing, Book 1",Superhero,Graphic Novel,1,3,N/A,Alan,Moore,1,UK,White,19681,55,NA,NA,NA,1,NA,NA,NA,NA,English,1,208,"New York, USA",Vertigo,7.1 x 0.7 x 10.5 inches,2/17/2009,7.1,0.7,10.5,inches,2009,2000-2009,Only Male Author(s),Male,White
108,HC,NA,Same Difference,Literary Fiction,Graphic Novel,0,50,N/A,Derek Kirk,Kim,1,South Korea,Asian,27030,37,NA,NA,NA,1,NA,NA,NA,NA,English,1,80,"New York, USA",First Second,6.4 x 0.6 x 8.7 inches,12/6/2011,6.4,0.6,8.7,inches,2011,2010-2017,Only Male Author(s),Male,Asian
109,SC,NA,"Sex Criminals, Vol. 1: One Weird Trick",Comedy,NA,0,101,161,Matt,Fraction,1,USA,White,27729,38,Chip,Zdarsky,1,1,Canada,White,27749,38,English,1,128,"Berkeley, USA",Image Comics,10.2 x 6.6 x 0.4 inches,4/29/2014,6.6,0.4,10.2,inches,2014,2010-2017,Only Male Author(s),Male,White
110,SC,NA,"Sex Criminals, Vol. 2: Two Worlds, One Cop",Comedy,NA,0,101,161,Matt,Fraction,1,USA,White,27729,39,Chip,Zdarsky,1,1,Canada,White,27749,39,English,1,128,"Berkeley, USA",Image Comics,10.2 x 6.7 x 0.3 inches,3/10/2015,6.7,0.3,10.2,inches,2015,2010-2017,Only Male Author(s),Male,White
111,HC,1st edition,Shortcomings,Literary Fiction,Graphic Novel,1,25,N/A,Adrian,Tomine,1,USA,Asian,27162,33,NA,NA,NA,1,NA,NA,NA,NA,English,3,104,"Montreal, Canada",Drawn and Quarterly,7.1 x 0.8 x 9.1 inches,10/2/2007,7.1,0.8,9.1,inches,2007,2000-2009,Only Male Author(s),Male,Asian
112,SC,Gph edition,Signal to Noise,Literary Fiction,Graphic Novel,1,108,N/A,Neil,Gaiman,1,UK,White,22230,31,NA,NA,NA,1,NA,NA,NA,NA,English,2,117,"London, UK",Bloomsbury,0.2 x 8.8 x 11.5 inches,10/13/1992,8.8,0.2,11.5,inches,1992,1990-1999,Only Male Author(s),Male,White
113,SC,2nd Printing Edition,Sin City. The Hard Goodbye,Crime,Graphic Novel,1,22,N/A,Frank,Miller,1,USA,White,20847,34,NA,NA,NA,1,NA,NA,NA,NA,English,1,200,"Milwaukee, USA",Dark Horse,10.1 x 6.6 x 0.5 inches,1/1/1992,6.6,0.5,10.1,inches,1992,1990-1999,Only Male Author(s),Male,White
114,HC,First Edition,Skim,Coming of Age,NA,1,96,160,Mariko,Tamaki,0,Canada,Other Race,0,NA,Jillian,Tamaki,0,0,Canada,Other Race,0,NA,English,1,142,"Toronto, Canada",Groundwood Books,0.8 x 7 x 10.2 inches,2/28/2008,7,0.8,10.2,inches,2008,2000-2009,At Least 1 Female Author,Female,Other Race
115,SC,NA,Stuck Rubber Baby,Historical Fiction,Non-Fiction,1,72,N/A,Howard,Cruse,1,USA,White,16194,55,NA,NA,NA,1,NA,NA,NA,NA,English,2,210,"New York, USA",DC Comics,7 x 0.5 x 8.8 inches,3/1/2000,7,0.5,8.8,inches,2000,2000-2009,Only Male Author(s),Male,White
117,HC,Deluxe edition,Superman: Red Son,Superhero,Graphic Novel,1,100,N/A,Mark,Millar,1,UK,White,25561,39,NA,NA,NA,1,NA,NA,NA,NA,English,1,168,"New York, USA",DC Comics,7.4 x 0.5 x 11 inches,11/17/2009,7.4,0.5,11,inches,2009,2000-2009,Only Male Author(s),Male,White
118,HC,First Edition first Printing edition,Swallow Me Whole,Literary Fiction,Graphic Novel,0,107,N/A,Nate,Powell,1,USA,White,28491,30,NA,NA,NA,1,NA,NA,NA,NA,English,1,216,"Marietta, Georgia, USA",Top Shelf Productions,6.5 x 0.5 x 9.5 inches,12/2/2008,6.5,0.5,9.5,inches,2008,2000-2009,Only Male Author(s),Male,White
119,HC,First Edition,The Arrival,Literary Fiction,Graphic Novel,1,126,N/A,Shaun,Tan,1,Australia,White,27030,33,NA,NA,NA,1,NA,NA,NA,NA,English,2,128,Melbourne,Lothian Books,0.5 x 9 x 12 inches,10/1/2007,9,0.5,12,inches,2007,2000-2009,Only Male Author(s),Male,White
120,SC,NA,The Barn Owl's Wondrous Capers,Historical Fiction,Non-Fiction,0,124,N/A,Sarnath,Banerjee,1,India,Asian,26299,35,NA,NA,NA,1,NA,NA,NA,NA,English,1,263,"New Delhi, India",Penguin Books,9.2 x 6.6 x 0.8 inches,1/9/2007,6.6,0.8,9.2,inches,2007,2000-2009,Only Male Author(s),Male,Asian
121,HC,1 edition,The Book of Genesis,Educational,Non-Fiction,0,120,N/A,Robert,Crumb,1,USA,White,15948,66,NA,NA,NA,1,NA,NA,NA,NA,English,2,224,"New York, USA",W. W. Norton and Company,8.9 x 1 x 11.2 inches,10/19/2009,8.9,1,11.2,inches,2009,2000-2009,Only Male Author(s),Male,White
122,HC,Deluxe edition,The Books of Magic,Fantasy,Non-Fiction,1,108,140,Neil,Gaiman,1,UK,White,22230,52,Peter,Gross,1,1,USA,White,21186,55,English,1,208,"New York, USA",Vertigo,7.4 x 0.6 x 11.2 inches,1/29/2013,7.4,0.6,11.2,inches,2013,2010-2017,Only Male Author(s),Male,White
123,SC,Original edition,"The Borden Tragedy: A Memoir of the Infamous Double Murder at Fall River, Mass., 1892 (A Treasury of Victorian Murder)",Crime,Graphic Novel,0,119,N/A,Rick,Geary,1,USA,White,16858,51,NA,NA,NA,1,NA,NA,NA,NA,English,1,67,"New York, USA",NBM Publishing,6.5 x 0.3 x 9.5 inches,9/1/1997,6.5,0.3,9.5,inches,1997,1990-1999,Only Male Author(s),Male,White
124,HC,1 edition,The Boulevard of Broken Dreams,Historical Fiction,Non-Fiction,0,85,N/A,Kim,Deitch,1,USA,White,16072,58,NA,NA,NA,1,NA,NA,NA,NA,English,1,160,New York City,Pantheon,6.6 x 0.8 x 8.7 inches,9/24/2002,6.6,0.8,8.7,inches,2002,2000-2009,Only Male Author(s),Male,White
126,SC,1St Edition,Collected Essex County,Literary Fiction,Graphic Novel,0,75,N/A,Jeff,Lemire,1,Canada,White,27840,33,NA,NA,NA,1,NA,NA,NA,NA,English,1,510,"Marietta, Georgia, USA",Top Shelf Productions,6.5 x 1.8 x 9 inches,9/1/2009,6.5,1.8,9,inches,2009,2000-2009,Only Male Author(s),Male,White
127,HC,NA,The Complete Maus,Memoir,Graphic Novel,0,33,N/A,Art,Spiegelman,1,Sweden,White,17578,48,NA,NA,NA,1,NA,NA,NA,NA,English,0,295,New York City,Pantheon,6.5 x 1.2 x 9.4 inches,11/19/1996,6.5,1.2,9.4,inches,1996,1990-1999,Only Male Author(s),Male,White
129,SC,NA,The Cowboy Wally Show,Satire,Graphic Novel,0,86,N/A,Kyle,Baker,1,USA,African American,23743,38,NA,NA,NA,1,NA,NA,NA,NA,English,1,128,"New York, USA",Marlowe and Company,10.8 x 8.4 x 0.4 inches,12/1/2003,8.4,0.4,10.8,inches,2003,2000-2009,Only Male Author(s),Male,African American
131,SC,English Language edition,The Greatest of Marlys,Coming of Age,NA,0,95,N/A,Lynda,Barry,0,USA,Other Race,20456,44,NA,NA,NA,0,NA,NA,NA,NA,English,1,248,"Seattle, USA",Sasquatch Books,8.5 x 0.4 x 10 inches,9/26/2000,8.5,0.4,10,inches,2000,2000-2009,At Least 1 Female Author,Female,Other Race
132,SC,NA,The Hedge Knight: The Graphic Novel (A Game of Thrones),Fantasy,Non-Fiction,NA,67,68,George R. R.,Martin,1,USA,White,17796,65,Ben,Avery,1,1,USA,White,0,NA,English,2,184,"Seattle, USA",Jet City Comics,7 x 0.4 x 10 inches,11/5/2013,7,0.4,10,inches,2013,2010-2017,Only Male Author(s),Male,White
134,HC,1 edition,The Jew of New York,Historical Fiction,Non-Fiction,1,34,N/A,Ben,Katchor,1,USA,White,18629,47,NA,NA,NA,1,NA,NA,NA,NA,English,1,97,New York City,Pantheon,0.5 x 8.5 x 9.2 inches,12/7/1998,8.5,0.5,9.2,inches,1998,1990-1999,Only Male Author(s),Male,White
135,SC,Reprint edition,The Metamorphosis,Literary Fiction,Graphic Novel,0,207,N/A,Peter,Kuper,1,USA,White,21450,45,NA,NA,NA,1,NA,NA,NA,NA,English,1,79,"New York, USA",Crown,6.2 x 0.2 x 9.1 inches,7/20/2004,6.2,0.2,9.1,inches,2004,2000-2009,Only Male Author(s),Male,White
136,HC,NA,The Name of the Game,Memoir,Graphic Novel,1,1,N/A,Will,Eisner,1,USA,White,6275,84,NA,NA,NA,1,NA,NA,NA,NA,English,1,168,New York City,W. W. Norton and Company,7.8 x 0.8 x 10.2 inches,1/1/2002,7.8,0.8,10.2,inches,2002,2000-2009,Only Male Author(s),Male,White
137,HC,First Edition ~1st Printing edition,The Originals,Science Fiction,Graphic Novel,1,26,N/A,Dave,Gibbons,1,UK,White,18002,55,NA,NA,NA,1,NA,NA,NA,NA,English,1,160,"New York, USA",Vertigo,7.2 x 0.5 x 9.2 inches,11/3/2004,7.2,0.5,9.2,inches,2004,2000-2009,Only Male Author(s),Male,White
139,HC,NA,The Property,Literary Fiction,Graphic Novel,0,122,N/A,Rutu,Modan,0,Israel,White,24108,47,NA,NA,NA,1,NA,NA,NA,NA,English,1,222,"Montreal, Canada",Drawn and Quarterly,6.7 x 1.1 x 9.2 inches,5/14/2013,6.7,1.1,9.2,inches,2013,2010-2017,Only Male Author(s),Female,White
140,HC,NA,The Puma Blues,Science Fiction,Graphic Novel,0,128,N/A,Stephen,Murphy,1,USA,Unknown,29528,34,NA,NA,NA,1,NA,NA,NA,NA,English,1,526,"New York, USA",Dover Publications,16.9.2015,9/16/2015,7,2,10,inches,2015,2010-2017,Only Male Author(s),Male,Unknown
141,HC,NA,The Rocketeer,Superhero,Graphic Novel,1,48,N/A,Dave,Stevens,1,USA,White,20299,34,NA,NA,NA,1,NA,NA,NA,NA,English,1,140,"San Diego, USA",IDW Publishing,11.2 x 8.5 x 0.4 inches,3/1/1990,8.5,0.4,11.2,inches,1990,1990-1999,Only Male Author(s),Male,White
142,SC,Reprint edition,The Sandman. Vol. 1: Preludes & Nocturnes,Fantasy,Non-Fiction,0,108,N/A,Neil,Gaiman,1,UK,White,22230,49,NA,NA,NA,1,NA,NA,NA,NA,English,1,240,"New York, USA",DC Comics,6.7 x 0.4 x 10.1 inches,10/19/2010,6.7,0.4,10.1,inches,2010,2010-2017,Only Male Author(s),Male,White
143,SC,Reprint edition,The Sandman. Vol. 2: The Doll's House,Fantasy,Non-Fiction,0,108,N/A,Neil,Gaiman,1,UK,White,22230,49,NA,NA,NA,1,NA,NA,NA,NA,English,1,232,"New York, USA",DC Comics,6.6 x 0.3 x 10.1 inches,10/19/2010,6.6,0.3,10.1,inches,2010,2010-2017,Only Male Author(s),Male,White
144,SC,NA,The Sworn Sword: The Graphic Novel (A Game of Thrones),Fantasy,Non-Fiction,0,67,68,George R. R.,Martin,1,USA,White,17796,65,Ben,Avery,1,1,USA,White,0,NA,English,1,176,"Seattle, USA",Jet City Comics,6.5 x 0.8 x 10 inches,1/21/2014,6.5,0.8,10,inches,2014,2010-2017,Only Male Author(s),Male,White
145,SC,NA,The Tale of One Bad Rat,Literary Fiction,Graphic Novel,1,38,N/A,Bryan,Talbot,1,UK,White,19048,43,NA,NA,NA,1,NA,NA,NA,NA,NA,0,117,"Milwaukee, USA",Dark Horse,NA,10/17/1995,10.2,0.3,6.7,inches,1995,1990-1999,Only Male Author(s),Male,White
147,HC,1st Edition,The Thrilling Adventures of Lovelace and Babbage: The (Mostly) True Story of the First Computer,Historical Fiction,Non-Fiction,0,130,N/A,Sydney,Padua,0,Unknown,Unknown,0,NA,NA,NA,NA,0,NA,NA,NA,NA,English,1,315,New York City,Pantheon,7.3 x 1.1 x 10.3 inches,4/21/2015,7.3,1.1,10.3,inches,2015,2010-2017,At Least 1 Female Author,Female,Unknown
148,SC,NA,The Tragical Comedy or Comical Tragedy of Mr. Punch,Fantasy,Non-Fiction,0,108,N/A,Neil,Gaiman,1,UK,White,22230,34,NA,NA,NA,1,NA,NA,NA,NA,English,1,96,"New York, USA",DC Comics,8.6 x 0.2 x 11.6 inches,9/1/1995,8.6,0.2,11.6,inches,1995,1990-1999,Only Male Author(s),Male,White
149,SC,NA,"The Wicked + The Divine, Vol. 1: The Faust Act",Superhero,Graphic Novel,0,84,N/A,Kieron,Gillen,1,UK,White,27395,39,NA,NA,NA,1,NA,NA,NA,NA,English,1,144,"Berkeley, USA",Image Comics,10.2 x 6.6 x 0.3 inches,11/25/2014,6.6,0.3,10.2,inches,2014,2010-2017,Only Male Author(s),Male,White
150,HC,First Edition,To the Heart of the Storm,Historical Fiction,Non-Fiction,1,1,N/A,Will,Eisner,1,USA,White,6275,73,NA,NA,NA,1,NA,NA,NA,NA,English,2,208,New York City,W. W. Norton and Company,10.1 x 7.6 x 0.6 inches,1/1/1991,7.6,0.6,10.1,inches,1991,1990-1999,Only Male Author(s),Male,White
151,SC,NA,Top 10: The Forty-Niners,Superhero,Graphic Novel,0,3,N/A,Alan,Moore,1,UK,White,19681,52,NA,NA,NA,1,NA,NA,NA,NA,English,1,112,"La Jolla, USA",WildStorm,6.6 x 0.2 x 10.2 inches,3/22/2006,6.6,0.2,10.2,inches,2006,2000-2009,Only Male Author(s),Male,White
152,SC,First Printing edition,Troubled Souls,Coming of Age,NA,0,64,0,Garth,Ennis,1,UK,White,25584,20,David,Wojnarowicz,1,1,USA,White,19981,35,English,1,96,"London, UK",Fleetway Publications,10.2 x 6.6 x 0.4 inches,2/1/1990,6.6,0.4,10.2,inches,1990,1990-1999,Only Male Author(s),Male,White
153,HC,First Edition,Unterzakhn,Historical Fiction,Non-Fiction,0,88,N/A,Leela,Corman,0,Unknown,Unknown,0,NA,NA,NA,NA,0,NA,NA,NA,NA,English,1,204,"New York, USA",Schocken Books and Random House,7.6 x 0.8 x 9.4 inches,4/3/2012,7.6,0.8,9.4,inches,2012,2010-2017,At Least 1 Female Author,Female,Unknown
154,SC,NA,Unwritten Vol. 1: Tommy Taylor and the Bogus Identity,Mystery,Graphic Novel,0,105,N/A,Mike,Carey,1,UK,White,21551,51,NA,NA,NA,1,NA,NA,NA,NA,English,0,144,"New York, USA",DC Comics,6.6 x 0.3 x 10.2 inches,1/12/2010,6.6,0.3,10.2,inches,2010,2010-2017,Only Male Author(s),Male,White
155,SC,New edition,V for Vendetta,Science Fiction,Graphic Novel,0,3,N/A,Alan,Moore,1,UK,White,19681,54,NA,NA,NA,1,NA,NA,NA,NA,English,3,296,"New York, USA",DC Comics,6.6 x 0.6 x 10.2 inches,10/24/2008,6.6,0.6,10.2,inches,2008,2000-2009,Only Male Author(s),Male,White
156,HC,Deluxe edition,Watchmen,Superhero,Graphic Novel,1,3,N/A,Alan,Moore,1,UK,White,19681,59,NA,NA,NA,1,NA,NA,NA,NA,English,5,448,New York City,DC Comics,7.4 x 1.3 x 11.2 inches,6/4/2013,7.4,1.3,11.2,inches,2013,2010-2017,Only Male Author(s),Male,White
158,SC,NA,Blankets,Romance,Graphic Novel,1,43,N/A,Craig,Thompson,1,USA,White,27658,27,NA,NA,NA,1,NA,NA,NA,NA,English,3,592,"Marietta, USA",Top Shelf Productions,6.5 x 1.5 x 9.8 inches,8/5/2003,6.5,1.5,9.8,inches,2003,2000-2009,Only Male Author(s),Male,White
159,SC,1st edition,Justice League: A New Beginning,Superhero,Graphic Novel,0,134,170,Keith Ian,Giffen,1,USA,White,19328,38,John Marc,DeMatteis,1,1,USA,White,19708,37,English,0,181,"New York, USA",DC Comics,NA,9/1/1991,6.8,0.4,10.2,inches,1991,1990-1999,Only Male Author(s),Male,White
161,SC,6th printing edition,Jaka's Story,Fantasy,Non-Fiction,0,135,N/A,David Victor,Sim,1,Canada,White,19328,38,NA,NA,NA,1,NA,NA,NA,NA,English,0,486,"Kitchener, Canada",Aardvark-Vanaheim,NA,9/1/1991,7.5,1.2,10,inches,1991,1990-1999,Only Male Author(s),Male,White
162,HC,NA,Jar of Fools,Literary Fiction,Graphic Novel,1,73,N/A,Jason,Lutes,1,USA,White,24813,29,NA,NA,NA,1,NA,NA,NA,NA,NA,0,0,"Montreal, Canada",Black Eye Books,NA,1/1/1997,0,0,0,NA,1997,1990-1999,Only Male Author(s),Male,White
163,SC,NA,Why I Hate Saturn,Literary Fiction,Graphic Novel,0,86,N/A,Kyle,Baker,1,USA,African American,23743,39,NA,NA,NA,1,NA,NA,NA,NA,English,0,199,"New York, USA",Vertigo,NA,8/31/2004,8.2,0.4,10.8,inches,2004,2000-2009,Only Male Author(s),Male,African American
164,HC,Limited edition,A Life Force,Historical Fiction,Non-Fiction,1,1,N/A,Will,Eisner,1,USA,White,6275,71,NA,NA,NA,1,NA,NA,NA,NA,English,0,139,"Princeton, USA",Kitchen Sink Press,NA,5/1/1988,7.2,0.7,10.3,inches,1988,1980-1989,Only Male Author(s),Male,White
165,HC,NA,Kings in Disguise,Historical Fiction,Non-Fiction,1,136,N/A,James,Vance,1,USA,Unknown,19420,37,NA,NA,NA,1,NA,NA,NA,NA,English,0,192,"Princeton, USA",Kitchen Sink Press,NA,10/1/1990,9,0.8,11.8,inches,1990,1990-1999,Only Male Author(s),Male,Unknown
166,HC,NA,"Love and Rockets, Vol. 12: Poison River",Coming of Age,NA,1,69,N/A,Gilbert,Hernandez,1,USA,Other Race,20852,37,NA,NA,NA,1,NA,NA,NA,NA,English,0,183,"Seattle, USA",Fantagraphics,NA,10/1/1994,9,0.8,11.8,inches,1994,1990-1999,Only Male Author(s),Male,Other Race
167,HC,1st Edition,Tantrum!,Comedy,NA,1,137,N/A,Jules Ralph,Feiffer,1,USA,White,10619,50,NA,NA,NA,1,NA,NA,NA,NA,English,0,183,New York City,Random House Inc,NA,11/1/1979,10.6,1.1,8.2,inches,1979,1970-1979,Only Male Author(s),Male,White
168,SC,NA,The Ballad of Doctor Richardson,Romance,Graphic Novel,0,138,N/A,Paul,Pope,1,USA,White,25837,27,NA,NA,NA,1,NA,NA,NA,NA,English,0,113,"Milwaukee, USA",Horse Press,NA,1/1/1998,9.5,0.5,12.6,inches,1998,1990-1999,Only Male Author(s),Male,White
169,HC,First Edition,Are You My Mother? A Comic Drama,Memoir,Graphic Novel,1,30,N/A,Alison,Bechdel,0,USA,White,22169,51,NA,NA,NA,0,NA,NA,NA,NA,English,0,304,"Boston, USA",Houghton Mifflin Harcourt,NA,5/1/2012,6.2,1,9.2,inches,2012,2010-2017,At Least 1 Female Author,Female,White
170,HC,NA,The Diary of a Teenage Girl,Memoir,Graphic Novel,1,209,N/A,Phoebe Louise Adams,Gloeckner,0,USA,White,22272,42,NA,NA,NA,0,NA,NA,NA,NA,English,0,320,"Berkeley, USA",Frog Books,NA,2/28/2003,6.8,1.3,9.5,inches,2003,2000-2009,At Least 1 Female Author,Female,White
171,HC,NA,Stitches. A Memoir,Memoir,Graphic Novel,1,210,N/A,David,Small,1,USA,White,16480,64,NA,NA,NA,1,NA,NA,NA,NA,English,0,336,New York City,W. W. Norton and Company,NA,9/8/2009,7.4,1.1,9.3,inches,2009,2000-2009,Only Male Author(s),Male,White
172,HC,NA,Psychiatric Tales,Educational,Non-Fiction,1,211,N/A,Darryl,Cunningham,1,UK,White,21916,50,NA,NA,NA,1,NA,NA,NA,NA,English,0,150,London,Blank Slate,NA,3/19/2010,6.1,0.8,8.5,inches,2010,2010-2017,Only Male Author(s),Male,White
173,HC,First Edition,Habibi,Romance,Graphic Novel,0,43,N/A,Craig,Thompson,1,USA,White,27658,35,NA,NA,NA,1,NA,NA,NA,NA,English,0,656,New York City,Pantheon,NA,9/20/2011,7.3,2,9.2,inches,2011,2010-2017,Only Male Author(s),Male,White
174,HC,First Edition,Harvey Pekar's Cleveland,Memoir,Graphic Novel,0,11,0,Harvey,Pekar,1,USA,White,14526,72,David,Wojnarowicz,1,1,USA,White,19981,57,English,0,120,"Marietta, Georgia, USA",Top Shelf Productions,NA,5/3/2012,6.6,0.7,9.2,inches,2012,2010-2017,Only Male Author(s),Male,White
175,HC,First Edition,Footnotes in Gaza,Graphic Journalism,Non-Fiction,1,80,N/A,Joe,Sacco,1,Malta,White,22191,49,NA,NA,NA,1,NA,NA,NA,NA,English,0,432,"New York, USA",Metropolitan Books,NA,12/22/2009,8.1,1.2,10.8,inches,2009,2000-2009,Only Male Author(s),Male,White
176,SC,First Edition,Bumf Vol. 1: I Buggered The Kaiser,Satire,Graphic Novel,0,80,N/A,Joe,Sacco,1,Malta,White,22191,54,NA,NA,NA,1,NA,NA,NA,NA,English,0,119,"Seattle, USA",Fantagraphics,NA,11/2/2014,7.1,0.5,10.5,inches,2014,2010-2017,Only Male Author(s),Male,White
177,HC,First Edition,Munnu: A Boy From Kashmir,Coming of Age,NA,1,213,N/A,Malik,Sajad,1,India,Asian,31778,28,NA,NA,NA,1,NA,NA,NA,NA,English,0,348,"London, UK",Fourth Estate,NA,6/18/2015,5.9,1.3,9.2,inches,2015,2010-2017,Only Male Author(s),Male,Asian
178,SC,First Edition,Ed the Happy Clown,Memoir,Graphic Novel,1,41,N/A,Chester,Brown,1,Canada,White,22052,31,NA,NA,NA,1,NA,NA,NA,NA,English,0,0,"Toronto, Canada",Vortex Comics Inc.,NA,1/1/1992,6.1,0.5,8.9,inches,1992,1990-1999,Only Male Author(s),Male,White
179,SC,NA,You Are Here,Humor,Graphic Novel,0,86,N/A,Kyle,Baker,1,USA,African American,23743,33,NA,NA,NA,1,NA,NA,NA,NA,English,0,156,"New York, USA",Vertigo,NA,11/1/1998,8.5,0.4,11,inches,1998,1990-1999,Only Male Author(s),Male,African American
180,SC,NA,Last Day in Vietnam,Memoir,Graphic Novel,1,1,N/A,Will,Eisner,1,USA,White,6275,83,NA,NA,NA,1,NA,NA,NA,NA,English,0,80,"Milwaukee, USA",Dark Horse,NA,7/25/2000,8,0.3,11,inches,2000,2000-2009,Only Male Author(s),Male,White
181,SC,First Edition,The Golem's Mighty Swing,Sports,Graphic Novel,0,214,N/A,James,Sturm,1,USA,White,23743,36,NA,NA,NA,1,NA,NA,NA,NA,English,0,100,"Montreal, Canada",Drawn and Quarterly,NA,7/1/2001,7.5,0.4,10.1,inches,2001,2000-2009,Only Male Author(s),Male,White
182,HC,NA,Louis Riel: A Comic-Strip Biography,Biography,NA,1,41,N/A,Chester,Brown,1,Canada,White,22052,43,NA,NA,NA,1,NA,NA,NA,NA,English,0,260,"Montreal, Canada",Drawn and Quarterly,NA,1/1/2004,6.3,1.2,9.3,inches,2004,2000-2009,Only Male Author(s),Male,White
183,HC,NA,Tricked,Literary Fiction,Graphic Novel,0,215,N/A,Alex,Robinson,1,USA,White,25423,36,NA,NA,NA,1,NA,NA,NA,NA,English,0,349,"Marietta, Georgia, USA",Top Shelf Productions,NA,8/23/2005,6.5,1,9.6,inches,2005,2000-2009,Only Male Author(s),Male,White
184,SC,NA,Pride of Baghdad,Fantasy,Non-Fiction,1,216,N/A,Brian K.,Vaughan,1,USA,White,27958,31,NA,NA,NA,1,NA,NA,NA,NA,English,0,136,"New York, USA",Vertigo,NA,1/2/2008,6.6,0.3,10.1,inches,2008,2000-2009,Only Male Author(s),Male,White
185,HC,NA,Too Cool To Be Forgotten,Fantasy,Non-Fiction,0,215,N/A,Alex,Robinson,1,USA,White,25423,38,NA,NA,NA,1,NA,NA,NA,NA,English,0,125,"Marietta, USA",Top Shelf Productions,NA,8/4/2008,5.6,0.6,7.6,inches,2008,2000-2009,Only Male Author(s),Male,White
186,HC,First Edition,Richard Stark's Parker: The Score,Crime,Graphic Novel,0,46,N/A,Darwyn,Cooke,1,Canada,White,22647,50,NA,NA,NA,1,NA,NA,NA,NA,English,0,138,"San Diego, USA",IDW Publishing,NA,7/24/2012,5.9,0.9,9.1,inches,2012,2010-2017,Only Male Author(s),Male,White
187,HC,NA,The Fifth Beatle: The Brian Epstein Story,Biography,NA,1,218,N/A,Vivek J.,Tiwary,1,USA,Asian,26799,40,NA,NA,NA,1,NA,NA,NA,NA,English,0,135,"Milwaukee, USA",Dark Horse,NA,11/19/2013,8.3,0.7,12.5,inches,2013,2010-2017,Only Male Author(s),Male,Asian
189,SC,NA,The Motherless Oven,Fantasy,Non-Fiction,0,224,N/A,Rob,Davis,1,UK,White,0,NA,NA,NA,NA,1,NA,NA,NA,NA,English,0,156,"London, UK",SelfMadeHero,NA,10/21/2014,6.8,0.6,9.5,inches,2014,2010-2017,Only Male Author(s),Male,White
190,HC,First Edition,The Encyclopedia of Early Earth,Fantasy,Non-Fiction,0,225,N/A,Isabel,Greenberg,0,UK,White,0,NA,NA,NA,NA,0,NA,NA,NA,NA,English,0,176,"Boston, USA","Little, Brown and Company",NA,12/3/2013,8.8,1,12.2,inches,2013,2010-2017,At Least 1 Female Author,Female,White
191,HC,NA,The Nao of Brown,Coming of Age,NA,0,226,N/A,Glyn,Dillon,1,UK,White,25934,41,NA,NA,NA,1,NA,NA,NA,NA,English,0,204,"New York, USA",Harry N. Abrams,NA,10/1/2012,8,1,10.5,inches,2012,2010-2017,Only Male Author(s),Male,White
192,SC,NA,Nelson,Historical Fiction,Non-Fiction,0,224,N/A,Rob,Davis,1,UK,White,0,NA,NA,NA,NA,1,NA,NA,NA,NA,English,0,230,"London, UK",Blank Slate,NA,11/1/2011,7.8,0.7,10.3,inches,2011,2010-2017,Only Male Author(s),Male,White
193,HC,First Edition,The Sculptor,Fantasy,Non-Fiction,0,223,N/A,Scott,McCloud,1,USA,White,22077,54,NA,NA,NA,1,NA,NA,NA,NA,English,0,496,"New York, USA",First Second,NA,2/3/2015,6.4,1.9,8.7,inches,2015,2010-2017,Only Male Author(s),Male,White
194,SC,NA,I Kill Giants,Coming of Age,NA,0,221,N/A,Joseph,Kelly,1,USA,Other Race,26566,36,NA,NA,NA,1,NA,NA,NA,NA,English,0,184,"Berkeley, USA",Image Comics,NA,5/26/2009,6.5,0.4,10.1,inches,2009,2000-2009,Only Male Author(s),Male,Other Race
195,HC,NA,Killing and Dying,Literary Fiction,Graphic Novel,0,25,N/A,Adrian,Tomine,1,USA,Asian,27162,41,NA,NA,NA,1,NA,NA,NA,NA,English,0,121,"Montreal, Canada",Drawn and Quarterly,NA,10/6/2015,6.7,0.9,9.7,inches,2015,2010-2017,Only Male Author(s),Male,Asian
197,SC,NA,Beverly,Satire,Graphic Novel,0,230,N/A,Nick,Drnaso,1,USA,White,32509,27,NA,NA,NA,1,NA,NA,NA,NA,English,0,133,"Montreal, Canada",Drawn and Quarterly,NA,1/26/2016,7.3,0.6,8.8,inches,2016,2010-2017,Only Male Author(s),Male,White
198,HC,NA,Here,Historical Fiction,Non-Fiction,0,231,N/A,Richard,McGuire,1,USA,White,20821,57,NA,NA,NA,1,NA,NA,NA,NA,English,0,304,New York City,Pantheon,NA,12/9/2014,6.8,1.1,9.6,inches,2014,2010-2017,Only Male Author(s),Male,White
201,SC,NA,Long Red Hair,Memoir,Graphic Novel,0,234,N/A,Meags,Fitzgerald,0,Canada,White,0,NA,NA,NA,NA,0,NA,NA,NA,NA,English,0,93,"Montreal, Canada",Conundrum Press,NA,9/21/2015,8.5,0.5,6.5,inches,2015,2010-2017,At Least 1 Female Author,Female,White
202,SC,First Edition,Nod Away,Science Fiction,Graphic Novel,0,235,N/A,Joshua W.,Cotter,1,Unknown,White,0,NA,NA,NA,NA,1,NA,NA,NA,NA,English,0,221,"Seattle, USA",Fantagraphics,NA,2/15/2016,7.8,0.8,10.2,inches,2016,2010-2017,Only Male Author(s),Male,White
203,HC,NA,Mary Wept Over the Feet of Jesus,Historical Fiction,Non-Fiction,0,41,N/A,Chester,Brown,1,Canada,White,22052,55,NA,NA,NA,1,NA,NA,NA,NA,English,0,280,"Montreal, Canada",Drawn and Quarterly,NA,4/12/2016,4.2,1.1,7.5,inches,2016,2010-2017,Only Male Author(s),Male,White
204,SC,First Edition,Sacred Heart,Coming of Age,NA,0,236,N/A,Liz,Suburbia,0,USA,White,0,NA,NA,NA,NA,0,NA,NA,NA,NA,English,0,309,"Seattle, USA",Fantagraphics,NA,9/20/2015,6.6,1.1,9.5,inches,2015,2010-2017,At Least 1 Female Author,Female,White
206,HC,First Edition,Market Day,Historical Fiction,Non-Fiction,0,214,N/A,James,Sturm,1,USA,White,23743,45,NA,NA,NA,1,NA,NA,NA,NA,English,0,96,"Montreal, Canada",Drawn and Quarterly,NA,3/30/2010,6.8,0.7,10,inches,2010,2010-2017,Only Male Author(s),Male,White
207,HC,Ltd Sgd edition,Big Questions,Fairy Tale,Non-Fiction,1,238,N/A,Anders,Nilsen,1,USA,White,26665,38,NA,NA,NA,1,NA,NA,NA,NA,English,0,658,"Montreal, Canada",Drawn and Quarterly,NA,8/16/2011,7.6,2.5,9.5,inches,2011,2010-2017,Only Male Author(s),Male,White
208,SC,NA,This One Summer,Coming of Age,NA,1,96,N/A,Mariko,Tamaki,0,Canada,Other Race,0,NA,NA,NA,NA,0,NA,NA,NA,NA,English,0,317,"New York, USA",First Second,NA,5/6/2014,6,0.9,8.4,inches,2014,2010-2017,At Least 1 Female Author,Female,Other Race
209,SC,NA,The Oven,Science Fiction,Graphic Novel,0,237,N/A,Sophie,Goldstein,0,USA,White,0,NA,NA,NA,NA,0,NA,NA,NA,NA,English,0,80,"Richmond, USA",AdHouse Books,NA,6/16/2015,5.4,0.4,7.3,inches,2015,2010-2017,At Least 1 Female Author,Female,White
210,HC,First Edition,Paying For It,Memoir,Graphic Novel,1,41,N/A,Chester,Brown,1,Canada,White,22052,53,NA,NA,NA,1,NA,NA,NA,NA,NA,0,292,"Montreal, Canada",Drawn and Quarterly,NA,5/28/2013,6,1.3,7.8,inches,2013,2010-2017,Only Male Author(s),Male,White
211,SC,Revised Edition,The Playboy,Memoir,Graphic Novel,0,41,N/A,Chester,Brown,1,Canada,White,22052,53,NA,NA,NA,1,NA,NA,NA,NA,NA,0,198,"Montreal, Canada",Drawn and Quarterly,NA,5/28/2013,4.4,0.8,7,inches,2013,2010-2017,Only Male Author(s),Male,White
212,SC,7th Edition,Like a Velvet Glove Cast in Iron,Mystery,Graphic Novel,0,45,N/A,Daniel,Clowes,1,USA,White,22385,31,NA,NA,NA,1,NA,NA,NA,NA,NA,0,142,"Seattle, USA",Fantagraphics,NA,1/17/1993,7.6,0.5,11,inches,1993,1990-1999,Only Male Author(s),Male,White
213,HC,First Edition,Ice Haven,Literary Fiction,Graphic Novel,1,45,N/A,Daniel,Clowes,1,USA,White,22385,44,NA,NA,NA,1,NA,NA,NA,NA,NA,0,88,New York City,Pantheon,NA,6/7/2005,8.1,0.6,5.6,inches,2005,2000-2009,Only Male Author(s),Male,White
214,HC,First Edition,David Boring,Romance,Graphic Novel,1,45,N/A,Daniel,Clowes,1,USA,White,22385,39,NA,NA,NA,1,NA,NA,NA,NA,NA,0,116,New York City,Pantheon,NA,9/12/2000,7.9,0.7,10.5,inches,2000,2000-2009,Only Male Author(s),Male,White
215,HC,First Edition,Wimbledon Green,Crime,Graphic Novel,0,125,N/A,Gregory,Gallant,1,Unknown,White,22905,43,NA,NA,NA,1,NA,NA,NA,NA,NA,0,125,"Montreal, Canada",Drawn and Quarterly,NA,12/13/2005,6.2,0.8,8.1,inches,2005,2000-2009,Only Male Author(s),Male,White
216,HC,First Edition,"George Sprott, 1894-1975",Literary Fiction,Graphic Novel,0,125,N/A,Gregory,Gallant,1,Unknown,White,22905,46,NA,NA,NA,1,NA,NA,NA,NA,NA,0,96,"Montreal, Canada",Drawn and Quarterly,NA,5/26/2009,12.2,0.7,14.3,inches,2009,2000-2009,Only Male Author(s),Male,White
217,SC,NA,Daddy's Girl,Coming of Age,NA,1,239,N/A,Debbie,Drechsler,0,USA,White,19360,43,NA,NA,NA,0,NA,NA,NA,NA,NA,0,88,"Seattle, USA",Fantagraphics,NA,6/1/1996,7.8,0.2,7.2,inches,1996,1990-1999,At Least 1 Female Author,Female,White
218,SC,NA,Brooklyn Dreams,Coming of Age,NA,1,170,N/A,John Marc,DeMatteis,1,USA,White,19708,49,NA,NA,NA,1,NA,NA,NA,NA,NA,0,384,"New York, USA",DC Comics,NA,4/1/2003,5.5,1,8,inches,2003,2000-2009,Only Male Author(s),Male,White
219,SC,First edition,A History of Violence,Crime,Graphic Novel,0,240,N/A,John,Wagner,1,USA,White,17899,55,NA,NA,NA,1,NA,NA,NA,NA,NA,0,296,"New York, USA",Paradox Press,NA,12/1/2004,5.5,0.8,8,inches,2004,2000-2009,Only Male Author(s),Male,White
220,SC,Annotated Adition,Stray Toasters,Crime,Graphic Novel,0,242,N/A,Boleslav William Felix Robert Bill,Sienkiewicz,1,USA,White,21308,50,NA,NA,NA,1,NA,NA,NA,NA,NA,0,224,"Berkeley, USA",Image Comics,NA,11/25/2008,6.6,0.5,10.2,inches,2008,2000-2009,Only Male Author(s),Male,White
221,SC,Second Edition,Clumsy,Literary Fiction,Graphic Novel,0,243,N/A,Jeffrey,Brown,1,USA,White,27576,27,NA,NA,NA,1,NA,NA,NA,NA,NA,0,224,"Marietta, Georgia, USA",Top Shelf Productions,NA,5/4/2003,4.6,0.6,7.2,inches,2003,2000-2009,Only Male Author(s),Male,White
222,SC,Reprint Edition,La Perdida,Literary Fiction,Graphic Novel,1,244,N/A,Jessica,Abel,0,USA,White,25204,31,NA,NA,NA,0,NA,NA,NA,NA,NA,0,256,New York City,Pantheon,NA,5/20/2000,6.6,0.9,8.5,inches,2000,2000-2009,At Least 1 Female Author,Female,White
224,HC,First Edition,We Are On Our Own,Memoir,Graphic Novel,0,246,N/A,Miriam,Katin,0,Hungary,White,0,NA,NA,NA,NA,0,NA,NA,NA,NA,NA,0,122,"Montreal, Canada",Drawn and Quarterly,NA,5/16/2006,8.2,0.7,8.6,inches,2006,2000-2009,At Least 1 Female Author,Female,White
232,HC,NA,Hark! A Vagrant,Humor,Graphic Novel,1,255,N/A,Kathryn Moira,Beaton,0,Canada,White,30567,28,NA,NA,NA,0,NA,NA,NA,NA,NA,0,166,"Montreal, Canada",Drawn and Quarterly,NA,9/27/2011,5.5,0.9,8.7,inches,2011,2010-2017,At Least 1 Female Author,Female,White
233,HC,NA,The Voyeurs,Memoir,Graphic Novel,0,256,N/A,Gabrielle,Bell,1,UK,White,27843,36,NA,NA,NA,1,NA,NA,NA,NA,NA,0,156,"Minneapolis, USA",Uncivilized Books,NA,9/4/2012,6.2,0.4,9,inches,2012,2010-2017,Only Male Author(s),Male,White
234,HC,NA,Anya's Ghost,Coming of Age,NA,1,257,N/A,Vera,Brosgol,0,Russia,White,30895,26,NA,NA,NA,0,NA,NA,NA,NA,NA,0,221,New York City,First Second,NA,6/7/2011,6.1,0.7,8.7,inches,2011,2010-2017,At Least 1 Female Author,Female,White
235,HC,NA,Make Me a Woman,Memoir,Graphic Novel,0,258,N/A,Vanessa,Davis,0,USA,White,28777,31,NA,NA,NA,0,NA,NA,NA,NA,NA,0,120,"Montreal, Canada",Drawn and Quarterly,NA,10/12/2010,8.7,1.1,11.1,inches,2010,2010-2017,At Least 1 Female Author,Female,White
237,HC,NA,Tanpopo Vol. 1,Science Fiction,Graphic Novel,0,260,N/A,Camilla,D'Errico,0,Canada,White,29494,32,NA,NA,NA,0,NA,NA,NA,NA,NA,0,176,"Los Angeles, USA",BOOM! Studios,NA,10/1/2012,9,0.9,11.8,inches,2012,2010-2017,At Least 1 Female Author,Female,White
238,SC,NA,"Tangles: A Story About Alzheimer's, My Mother, and Me",Memoir,Graphic Novel,0,265,N/A,Sarah,Leavitt,0,Unknown,White,0,NA,NA,NA,NA,0,NA,NA,NA,NA,NA,0,127,"New York, USA",Skyhorse Publishing,NA,5/1/2012,9.2,0.3,10.5,inches,2012,2010-2017,At Least 1 Female Author,Female,White
239,SC,NA,Special Exits,Memoir,Graphic Novel,0,262,N/A,Joyce,Farmer,0,USA,White,13881,76,NA,NA,NA,0,NA,NA,NA,NA,NA,0,200,"Seattle, USA",Fantagraphics,NA,8/3/2014,7.4,1.8,10,inches,2014,2010-2017,At Least 1 Female Author,Female,White
240,SC,NA,An Age of License: a Travelogue,Travel Writing,Graphic Novel,0,263,N/A,Lucy,Knisley,0,USA,White,31058,29,NA,NA,NA,0,NA,NA,NA,NA,NA,0,189,"Seattle, USA",Fantagraphics,NA,9/22/2014,5.6,0.7,7.4,inches,2014,2010-2017,At Least 1 Female Author,Female,White
241,SC,NA,"Patsy Walker, A.K.A. Hellcat! Vol. 1: Hooked On A Feline",Superhero,Graphic Novel,0,266,N/A,Kate,Leth,0,Canada,White,32415,27,NA,NA,NA,0,NA,NA,NA,NA,NA,0,136,"New York, USA",Marvel,NA,7/5/2016,6.8,0.2,10.1,inches,2016,2010-2017,At Least 1 Female Author,Female,White
243,SC,NA,"Moon Girl and Devil Dinosaur, Vol. 1: BFF",Fantasy,Non-Fiction,0,268,269,Amy,Reeder,0,USA,White,29458,35,Brandon,Montclare,1,0,Unknown,White,0,NA,NA,0,136,"New York, USA",Marvel,NA,7/5/2016,6.8,0.2,10.2,inches,2016,2010-2017,At Least 1 Female Author,Female,White
244,HC,NA,Leaving Megalopolis,Horror,Graphic Novel,0,271,N/A,Gail,Simone,0,USA,White,27239,40,NA,NA,NA,0,NA,NA,NA,NA,NA,0,128,"Milwaukee, USA",Dark Horse,NA,9/30/2014,6.9,0.6,10.5,inches,2014,2010-2017,At Least 1 Female Author,Female,White
245,SC,NA,Omega: The Unknown,Superhero,Graphic Novel,0,273,274,Stephen Ross,Gerber,1,USA,White,27292,31,Mary,Skrenes,0,0,Unknown,White,0,NA,NA,0,224,"New York, USA",Marvel,NA,12/28/2005,6.7,0.4,10.2,inches,2005,2000-2009,At Least 1 Female Author,Male,White
246,SC,NA,Becoming Unbecoming,Crime,Graphic Novel,0,284,N/A,Una,Una,0,UK,White,0,NA,NA,NA,NA,0,NA,NA,NA,NA,NA,0,169,"Vancouver, Canada",Arsenal Pulp Press,NA,10/18/2016,6.5,0.7,8.9,inches,2016,2010-2017,At Least 1 Female Author,Female,White
247,HC,NA,When David Lost His Voice,Literary Fiction,Graphic Novel,0,281,N/A,Judith,Vanistendael,0,Belgium,White,27030,39,NA,NA,NA,0,NA,NA,NA,NA,NA,0,267,"London, UK",SelfMadeHero,NA,3/19/2013,6.5,1.2,9.5,inches,2013,2010-2017,At Least 1 Female Author,Female,White
249,HC,NA,New Spring,Fantasy,Non-Fiction,1,285,286,James Oliver Rigney Jr.,Robert Jordan,1,USA,White,17823,62,Charles Dixon,Chuck,1,1,USA,White,19797,56,NA,0,230,"New York, USA",Tor Books,NA,1/1/2011,6.9,1,10.2,inches,2011,2010-2017,Only Male Author(s),Male,White
250,SC,NA,The Inhumans: By Right of Birth,Superhero,Graphic Novel,0,288,289,Ann Annie,Nocenti,0,USA,White,20837,56,Lou,Mougin,1,0,USA,White,19725,59,NA,0,117,"New York, USA",Marvel,NA,11/19/2013,6.8,0.5,10.2,inches,2013,2010-2017,At Least 1 Female Author,Female,White
251,SC,NA,Greenberg the Vampire,Horror,Graphic Novel,0,170,N/A,John Marc,DeMatteis,1,USA,White,19708,61,NA,NA,NA,1,NA,NA,NA,NA,NA,0,102,"New York, USA",Marvel,NA,10/20/2015,6.6,0.2,10.1,inches,2015,2010-2017,Only Male Author(s),Male,White
252,SC,Reprint edition,The Picture of Dorian Gray: A Graphic Novel,Literary Fiction,Graphic Novel,0,295,N/A,Ian,Edginton,1,UK,White,0,NA,NA,NA,NA,1,NA,NA,NA,NA,NA,0,119,"New York, USA",Sterling,NA,1/26/2009,9.4,0.6,6.5,inches,2009,2000-2009,Only Male Author(s),Male,White
253,HC,Collector's edition,Prince of Persia: The Graphic Novel,Action/Adventure,NA,1,297,298,Jordan,Mechner,1,USA,White,23532,44,A. B.,Sina,0,0,Unknown,Unknown,0,NA,NA,0,190,"New York, USA",First Second,NA,9/2/2008,6.6,0.9,8.5,inches,2008,2000-2009,At Least 1 Female Author,Male,White
254,SC,NA,A Sailor's Story,Action/Adventure,NA,0,301,N/A,Sam,Glanzman,1,USA,White,9106,90,NA,NA,NA,1,NA,NA,NA,NA,NA,0,123,"New York, USA",Dover Publications,NA,4/15/2015,8.2,0.5,10.9,inches,2015,2010-2017,Only Male Author(s),Male,White
255,HC,1st edition,A Game of Thrones: The Graphic Novel Vol.1,Fantasy,Non-Fiction,1,67,304,George R. R.,Martin,1,USA,White,17796,63,Daniel James,Abraham,1,1,USA,White,25521,42,NA,0,240,"New York, USA",Bantam,NA,3/27/2012,6.9,0.8,10.5,inches,2012,2010-2017,Only Male Author(s),Male,White
256,HC,1 edition,Cousin Joseph: A Graphic Novel,Crime,Graphic Novel,0,137,N/A,Jules Ralph,Feiffer,1,USA,White,10619,87,NA,NA,NA,1,NA,NA,NA,NA,NA,0,111,"New York, USA",Liveright,NA,7/26/2016,8.9,0.7,11.3,inches,2016,2010-2017,Only Male Author(s),Male,White
257,HC,1 edition,Kill My Mother,Crime,Graphic Novel,1,137,N/A,Jules Ralph,Feiffer,1,USA,White,10619,85,NA,NA,NA,1,NA,NA,NA,NA,NA,0,148,"New York, USA",Liveright,NA,8/25/2014,8.8,0.9,11.2,inches,2014,2010-2017,Only Male Author(s),Male,White
258,SC,NA,The Cartoon History of the Universe III: From the Rise of Arabia to the Renaissance,Educational,Non-Fiction,1,306,N/A,Larry,Gonick,1,USA,White,17038,56,NA,NA,NA,1,NA,NA,NA,NA,NA,0,320,"New York, USA",W. W. Norton and Company,NA,10/17/2002,7.6,0.9,10.5,inches,2002,2000-2009,Only Male Author(s),Male,White
259,HC,NA,Ruins,Literary Fiction,Graphic Novel,0,207,N/A,Peter,Kuper,1,USA,White,21450,57,NA,NA,NA,1,NA,NA,NA,NA,NA,0,256,"London, UK",SelfMadeHero,NA,10/6/2015,7.9,1.2,10.6,inches,2015,2010-2017,Only Male Author(s),Male,White
260,HC,NA,"Stray Bullets, Vol.1: Innocence of Nihilism",Crime,Graphic Novel,1,307,N/A,David,Lapham,1,USA,White,25569,31,NA,NA,NA,1,NA,NA,NA,NA,NA,0,0,NA,El Capitan Books,NA,1/1/2001,0,0,0,NA,2001,2000-2009,Only Male Author(s),Male,White
261,SC,NA,King City,Science Fiction,Graphic Novel,0,36,N/A,Brandon,Graham,1,USA,White,27760,36,NA,NA,NA,1,NA,NA,NA,NA,NA,0,424,"Berkeley, USA",Image Comics,NA,3/20/2012,7.5,1.2,10.3,inches,2012,2010-2017,Only Male Author(s),Male,White
262,HC,NA,Richard Stark's Parker: The Hunter,Crime,Graphic Novel,1,308,46,Donald Edwin,Westlake (Richard Stark),1,USA,White,12247,76,Darwyn,Cooke,1,1,Canada,White,22647,47,NA,0,160,"San Diego, USA",IDW Publishing,NA,7/28/2009,6.4,0.7,9.2,inches,2009,2000-2009,Only Male Author(s),Male,White
263,HC,NA,Marvels,Superhero,Graphic Novel,1,309,N/A,Kurt,Busiek,1,USA,White,22175,43,NA,NA,NA,1,NA,NA,NA,NA,NA,0,400,"New York, USA",Marvel,NA,1/1/2004,8,1,12,inches,2004,2000-2009,Only Male Author(s),Male,White
264,HC,NA,Nimona,Fantasy,Non-Fiction,1,310,N/A,Noelle,Stevenson,0,USA,White,33603,23,NA,NA,NA,0,NA,NA,NA,NA,NA,0,272,"New York, USA",HarperTeen,NA,5/12/2015,6,0.9,9,inches,2015,2010-2017,At Least 1 Female Author,Female,White
265,SC,NA,"Demon, Vol.1",Fiction,Non-Fiction,0,311,N/A,Jason,Shiga,1,USA,Asian,27760,40,NA,NA,NA,1,NA,NA,NA,NA,NA,0,176,"New York, USA",First Second,NA,10/4/2016,6.8,0.5,8.6,inches,2016,2010-2017,Only Male Author(s),Male,Asian
266,SC,Revised edition,Bone: The Complete Cartoon Epic in One Volume,Fantasy,Non-Fiction,0,76,N/A,Jeff,Smith,1,USA,White,21973,44,NA,NA,NA,1,NA,NA,NA,NA,NA,0,1344,"Columbus, USA",Cartoon Books,NA,9/1/2004,6.5,2.2,9,inches,2004,2000-2009,Only Male Author(s),Male,White
267,SC,NA,Understanding Comics: The Invisible Art,Educational,Non-Fiction,0,223,N/A,Scott,McCloud,1,USA,White,22077,33,NA,NA,NA,1,NA,NA,NA,NA,NA,0,215,"New York, USA",HarperCollins Publishers Ltd,NA,4/27/1994,6.8,0.6,10.2,inches,1994,1990-1999,Only Male Author(s),Male,White
268,HC,NA,Wonder Woman: The True Amazon,Superhero,Graphic Novel,1,184,N/A,Jill,Thompson,0,USA,White,24431,49,NA,NA,NA,0,NA,NA,NA,NA,NA,0,128,"New York, USA",DC Comics,NA,10/4/2016,6.8,0.5,10.5,inches,2016,2010-2017,At Least 1 Female Author,Female,White
271,SC,1st edition,My Favorite Thing Is Monsters,Crime,Graphic Novel,0,315,N/A,Emil,Ferris,0,USA,White,22647,55,NA,NA,NA,0,NA,NA,NA,NA,NA,0,386,"Seattle, USA",Fantagraphics,NA,2/14/2017,8.2,1.3,10.5,inches,2017,2010-2017,At Least 1 Female Author,Female,White
283,SC,2nd Revised ed. edition,Sin City. Family Values,Crime,Graphic Novel,0,22,N/A,Frank,Miller,1,USA,White,20847,53,NA,NA,NA,1,NA,NA,NA,NA,NA,0,128,"Milwaukee, USA",Dark Horse,NA,11/9/2010,6,0.4,9,inches,2010,2010-2017,Only Male Author(s),Male,White
