"BookID","FormatID","Edition","Book Name","Genre","Genre Group","More than One Edition (1=Y)","Author1ID","Author2ID","Author 1 - First Name","Author 1 - Last Name","Author 1 - Gender (1=M)","Author 1 - Country of Origin","Author 1 - Ethnicity","Author 1 - DOB","Author 1 - Age","Author 2 - First Name","Author 2 - Last Name","Author 2 - Gender (1=M)","Any Female Authors (0 = Y)","Author 2 - Country of Origin","Author 2 - Ethnicity","Author 2 - DOB","Author 2 - Age","LanguageID","Mentions","Pages","PlaceOfPublicationID","PublisherID","SIze","Date","Width","Depth","Height","Unit"
0,"SC",NA,"7 Miles A Second","Memoir","Graphic Memoir",1,0,"N/A","David","Wojnarowicz",1,"USA","White","1954-09-14",41,NA,NA,NA,1,NA,NA,NA,NA,"English",1,64,"Seattle, USA","Fantagraphics","6.6 x 0.1 x 10.2 inches","1996-05-01",6.6,0.1,10.2,"inches"
1,"SC","Reprint Edition","A Contract With God","Fiction","Graphic Novel",0,1,"N/A","Will","Eisner",1,"USA","White","1917-03-06",89,NA,NA,NA,1,NA,NA,NA,NA,"English",4,208,"New York, USA","W. W. Norton and Company","7.1 x 0.6 x 9.9 inches","2006-12-17",7.1,0.6,9.9,"inches"
3,"HC",NA,"A Small Killing","Literary Fiction","Graphic Novel",1,3,"N/A","Alan","Moore",1,"UK","White","1953-11-18",49,NA,NA,NA,1,NA,NA,NA,NA,"English",1,104,"Rantoul, USA","Avatar Press","8.8 x 0.5 x 11.2 inches","2003-08-18",8.8,0.5,11.2,"inches"
4,"SC",NA,"Tale of Sand","Literary Fiction","Graphic Novel",0,4,"5","Jim","Henson",1,"USA","White","1936-09-24",76,"Jerry","Juhl",1,1,"USA","White","1938-07-27",74,"English",1,120,"Los Angeles, USA","Archaia","8.2 x 11 inches","2012-12-11",8.2,0.8,11,"inches"
5,"HC","Slp edition","Absolute Justice","Superhero","Graphic Novel",0,6,"7","Alex","Ross",1,"USA","White","1970-01-22",39,"Jim","Krueger",1,1,"USA","White","0",NA,"English",1,496,"New York, USA","DC Comics","8.6 x 1.6 x 12.8 inches","2009-11-17",8.6,1.6,12.8,"inches"
6,"HC","First Edition","Age of Ultron","Superhero","Graphic Novel",1,8,"N/A","Brian Michael","Bendis",1,"USA","White","1967-08-18",46,NA,NA,NA,1,NA,NA,NA,NA,"English",1,504,"New York, USA","Marvel","19.7 x 2.5 x 28.6 cm","2013-09-17",7.8,1,11.2,"inches"
8,"SC","Reprint Edition","American Born Chinese","Literary Fiction","Graphic Novel",1,10,"N/A","Gene Luen","Yang",1,"USA","Asian","1973-08-09",33,NA,NA,NA,1,NA,NA,NA,NA,"English",2,233,"New York, USA","First Second","5.5 x 0.5 x 8.2 inches","2006-12-23",5.5,0.5,8.2,"inches"
9,"SC","1st edition","American Splendor","Memoir","Graphic Memoir",0,11,"N/A","Harvey","Pekar",1,"USA","White","1939-10-08",63,NA,NA,NA,1,NA,NA,NA,NA,"English",0,320,"New York, USA","Ballantine Books","8.3 x 0.8 x 10.9 inches","2003-07-29",8.3,0.8,10.9,"inches"
10,"HC","Gph edition","American Widow","Memoir","Graphic Memoir",0,12,"N/A","Alissa","Torres",0,"Unknown","Unknown","0",NA,NA,NA,NA,0,NA,NA,NA,NA,"English",0,209,"New York, USA","Villard","7.3 x 0.8 x 9.6 inches","2008-09-09",7.3,0.8,9.6,"inches"
11,"HC","First Edition","Asterios Polyp","Literary Fiction","Graphic Novel",0,13,"N/A","David","Mazzucchelli",1,"USA","Unknown","1960-09-21",48,NA,NA,NA,1,NA,NA,NA,NA,"English",0,344,"New York City","Pantheon","8 x 1.2 x 10.5 inches","2009-07-07",8,1.2,10.5,"inches"
15,"SC","New edition","Batman: Dark Victory","Superhero","Graphic Novel",0,21,"N/A","Jeph","Loeb",1,"USA","White","1958-01-29",56,NA,NA,NA,1,NA,NA,NA,NA,"English",1,400,"New York, USA","DC Comics","6.6 x 0.5 x 10.2 inches","2014-02-18",6.6,0.5,10.2,"inches"
16,"SC",NA,"Batman: The Dark Knight Returns","Superhero","Graphic Novel",0,22,"N/A","Frank","Miller",1,"USA","White","1957-01-27",45,NA,NA,NA,1,NA,NA,NA,NA,"English",4,224,"New York, USA","DC Comics","6.6 x 0.4 x 10.2 inches","2002-12-01",6.6,0.4,10.2,"inches"
18,"SC",NA,"Batman: The Long Halloween","Superhero","Graphic Novel",0,21,"N/A","Jeph","Loeb",1,"USA","White","1958-01-29",53,NA,NA,NA,1,NA,NA,NA,NA,"English",2,384,"New York, USA","DC Comics","6.6 x 0.6 x 10.2 inches","2011-10-11",6.6,0.6,10.2,"inches"
19,"HC","1st edition","Batman: Year One","Superhero","Graphic Novel",1,22,"N/A","Frank","Miller",1,"USA","White","1957-01-27",30,NA,NA,NA,1,NA,NA,NA,NA,"English",1,96,"New York, USA","DC Comics","10.3 x 6.9 x 0.7 inches","1988-01-01",6.9,0.7,10.3,"inches"
20,"HC","1St Edition edition","Beasts of Burden: Animal Rites","Adventure","Graphic Novel",0,23,"184","Evan","Dorkin",1,"USA","White","1965-04-20",45,"Jill","Thompson",0,0,"USA","White","1966-11-20",43,"English",1,168,"Milwaukee, USA","Dark Horse","8 x 0.8 x 11.3 inches","2010-07-06",8,0.8,11.3,"inches"
21,"SC","1st Printing edition","Beowulf","Fantasy","Graphic Fantasy",0,24,"N/A","Stephen L.","Stern",1,"USA","White","0",NA,NA,NA,NA,1,NA,NA,NA,NA,"English",1,66,"Stevenage, UK","Markosia Enterprises Ltd","6.7 x 0.2 x 9.6 inches","2007-10-01",6.7,0.2,9.6,"inches"
22,"SC","1st edition","Berlin, Vol. 2: City of Smoke","Historical Non-Fiction","Non-Fiction",0,73,"N/A","Jason","Lutes",1,"USA","White","1967-12-07",40,NA,NA,NA,1,NA,NA,NA,NA,"English",1,210,"Montreal, Canada","Drawn and Quarterly","7.5 x 0.7 x 10 inches","2008-09-16",7.5,0.7,10,"inches"
23,"SC","1st edition","Berlin, Vol.1: City of Stones","Historical Non-Fiction","Non-Fiction",0,73,"N/A","Jason","Lutes",1,"USA","White","1967-12-07",32,NA,NA,NA,1,NA,NA,NA,NA,"English",1,209,"Montreal, Canada","Drawn and Quarterly","7.4 x 0.8 x 9.3 inches","2000-06-01",7.4,0.8,9.3,"inches"
24,"HC",NA,"Black Hole","Coming of Age","Graphic Novel",1,40,"N/A","Charles","Burns",1,"USA","White","1955-09-27",50,NA,NA,NA,1,NA,NA,NA,NA,"English",4,352,"New York City","Pantheon","6.9 x 1.5 x 9.5 inches","2005-10-18",6.9,1.5,9.5,"inches"
26,"HC","Box Pck edition","Building Stories","Literary Fiction","Graphic Novel",0,42,"N/A","Chris","Ware",1,"USA","White","1967-12-28",44,NA,NA,NA,1,NA,NA,NA,NA,"English",2,260,"New York City","Pantheon","11.7 x 1.9 x 16.6 inches","2012-10-02",11.7,1.9,16.6,"inches"
27,"HC",NA,"Cages","Fantasy","Graphic Fantasy",1,47,"N/A","Dave","McKean",1,"UK","White","1963-12-29",38,NA,NA,NA,1,NA,NA,NA,NA,"English",1,496,"New York City, USA","NBM Publishing","11.5 x 8.8 x 1.4 inches","2002-04-01",8.8,1.4,11.5,"inches"
28,"HC",NA,"Cairo","Mystery","Graphic Fantasy",1,61,"0","G. Willow","Wilson",0,"USA","White","1982-08-31",25,"David","Wojnarowicz",1,0,"USA","White","1954-09-14",53,"English",1,160,"New York City","Vertigo","7.2 x 0.6 x 9.4 inches","2007-11-07",7.2,0.6,9.4,"inches"
29,"HC","First Edition edition","Can't We Talk about Something More Pleasant?: A Memoir","Memoir","Graphic Memoir",0,121,"N/A","Roz","Chast",0,"USA","White","1954-11-26",59,NA,NA,NA,0,NA,NA,NA,NA,"English",1,228,"New York, USA","Bloomsbury USA","7.7 x 0.9 x 9.5 inches","2014-05-06",7.7,0.9,9.5,"inches"
30,"HC","1 edition","Cancer Vixen: A True Story","Memoir","Graphic Memoir",1,97,"N/A","Marisa Acocella","Marchetto",0,"USA","White","1962-01-01",44,NA,NA,NA,0,NA,NA,NA,NA,"English",1,224,"New York City","Knopf",NA,"2006-09-26",7.8,0.8,8.2,"inches"
31,"SC",NA,"Carnet De Voyage","Travel Writing","Non-Fiction",0,43,"N/A","Craig","Thompson",1,"USA","White","1975-09-21",28,NA,NA,NA,1,NA,NA,NA,NA,"English",1,224,"Marietta, USA","Top Shelf Productions","0.8 x 5.5 x 7.5 inches","2004-08-03",5.5,0.8,7.5,"inches"
32,"HC","1 edition","Castle Waiting Vol. 2: The Definitive Edition","Fairy Tale","Graphic Fantasy",0,90,"N/A","Linda","Medley",0,"USA","White","1964-05-17",49,NA,NA,NA,0,NA,NA,NA,NA,"English",1,464,"Seattle, USA","Fantagraphics","5.9 x 1.6 x 8.3 inches","2013-05-17",5.9,1.6,8.3,"inches"
34,"SC","Reprint edition","City of Glass: The Graphic Novel","Mystery","Graphic Fantasy",0,115,"N/A","Paul","Auster",1,"USA","White","1947-02-03",57,NA,NA,NA,1,NA,NA,NA,NA,"English",1,144,"New York, USA","Picador","5.5 x 0.3 x 8.2 inches","2004-08-01",5.5,0.3,8.2,"inches"
36,"SC",NA,"Civil War","Superhero","Graphic Novel",0,100,"N/A","Mark","Millar",1,"UK","White","1969-12-24",37,NA,NA,NA,1,NA,NA,NA,NA,"English",2,208,"New York City","Marvel","6.8 x 0.4 x 10.2 inches","2007-04-11",6.8,0.4,10.2,"inches"
37,"SC",NA,"Complete Multiple Warheads TP","Fantasy","Graphic Fantasy",0,36,"N/A","Brandon","Graham",1,"USA","White","1976-01-01",38,NA,NA,NA,1,NA,NA,NA,NA,"English",1,208,"Berkeley, USA","Image Comics","0.5 x 6.5 x 10 inches","2014-01-21",6.5,0.5,10,"inches"
38,"SC",NA,"Corridor: A Graphic Novel","Literary Fiction","Graphic Novel",0,124,"N/A","Sarnath","Banerjee",1,"India","Asian","1972-01-01",32,NA,NA,NA,1,NA,NA,NA,NA,"English",1,112,"New Delhi, India","Penguin Books","8.5 x 6.3 x 0.4 inches","2004-03-01",6.3,0.4,8.5,"inches"
40,"HC","1st Edition","Daredevil: Born Again","Superhero","Graphic Novel",1,22,"N/A","Frank","Miller",1,"USA","White","1957-01-27",52,NA,NA,NA,1,NA,NA,NA,NA,"English",2,248,"New York City","Marvel","10.4 x 6.9 x 0.8 inches","2010-01-01",6.9,0.8,10.4,"inches"
41,"HC","First Edition","Daredevil: The Man Without Fear","Superhero","Graphic Novel",1,22,"N/A","Frank","Miller",1,"USA","White","1957-01-27",51,NA,NA,NA,1,NA,NA,NA,NA,NA,0,224,"New York, USA","Marvel",NA,"2008-12-24",7,0.8,10.5,"inches"
42,"SC","1st Edition","Darkroom: A Memoir in Black and White","Memoir","Graphic Memoir",0,89,"N/A","Lila Quintero","Weaver",0,"Argentina","Hispanic Origin","1955-01-01",57,NA,NA,NA,0,NA,NA,NA,NA,"English",1,250,"Tuscaloosa, USA","University Alabama Press","6.1 x 0.8 x 9.2 inches","2012-03-01",6.1,0.8,9.2,"inches"
43,"SC","1st edition","Daytripper","Literary Fiction","Graphic Novel",1,63,"179","Gabriel","Ba",1,"Brazil","Hispanic Origin","1976-06-05",34,"Fabio","Moon",1,1,"Brazil","Hispanic Origin","1976-06-05",34,"English",2,248,"New York, USA","DC Comics","6.7 x 0.6 x 10.2 inches","2011-02-08",6.7,0.6,10.2,"inches"
44,"SC","The Deluxe Edition","DC: The New Frontier","Superhero","Graphic Novel",0,46,"N/A","Darwyn","Cooke",1,"Canada","White","1962-01-01",42,NA,NA,NA,1,NA,NA,NA,NA,"English",1,511,"New York, USA","DC Comics",NA,"2004-12-01",6.7,1.1,10.2,"inches"
45,"SC",NA,"Deadpool Kills the Marvel Universe","Horror","Graphic Fantasy",0,44,"N/A","Cullen","Bunn",1,"USA","White","1971-01-01",41,NA,NA,NA,1,NA,NA,NA,NA,"English",1,96,"New York, USA","Marvel","6.8 x 0.2 x 10.2 inches","2012-11-14",6.8,0.2,10.2,"inches"
50,"HC","First Edition","Elektra Lives Again","Action/Adventure","Graphic Novel",1,22,"N/A","Frank","Miller",1,"USA","White","1957-01-27",33,NA,NA,NA,1,NA,NA,NA,NA,"English",1,80,"New York, USA","Marvel","12 x 9.3 x 5 inches","1991-01-01",9.3,0.5,12,"inches"
52,"HC",NA,"Exit Wounds","Coming of Age","Graphic Novel",1,122,"0","Rutu","Modan",0,"Israel","White","1966-01-01",41,"David","Wojnarowicz",1,0,"USA","White","1954-09-14",52,"English",2,168,"Montreal, Canada","Drawn and Quarterly","9.3 x 7.1 x 0.9 inches","2007-06-12",7.1,0.9,9.3,"inches"
53,"HC","1st Edition","Fables: 1001 Nights of Snowfall","Fantasy","Graphic Fantasy",1,35,"N/A","Bill","Willingham",1,"USA","White","1956-01-01",50,NA,NA,NA,1,NA,NA,NA,NA,"English",1,144,"New York, USA","Vertigo","6.9 x 0.6 x 10.4 inches","2006-10-18",6.9,0.6,10.4,"inches"
54,"SC","Gph edition","Fax from Sarajevo","Memoir","Graphic Memoir",0,79,"N/A","Joe","Kubert",1,"Poland","White","1926-09-18",70,NA,NA,NA,1,NA,NA,NA,NA,"English",1,180,"Milwaukee, USA","Dark Horse","11.1 x 8.6 x 0.9 inches","1996-10-15",8.6,0.9,11.1,"inches"
55,"SC",NA,"The Finder Library. Volume 1","Science Fiction","Graphic Fantasy",0,39,"N/A","Carla Speed","McNeill",0,"USA","White","0",NA,NA,NA,NA,0,NA,NA,NA,NA,"English",1,590,"Milwaukee, USA","Dark Horse","6 x 1.7 x 9 inches","2011-04-05",6,1.7,9,"inches"
57,"SC","New edition","From Hell","Crime","Graphic Novel",1,3,"N/A","Alan","Moore",1,"UK","White","1953-11-18",50,NA,NA,NA,1,NA,NA,NA,NA,"English",3,572,"Marietta, Georgia, USA","Top Shelf Productions","1.5 x 7.8 x 10.2 inches","2004-06-08",7.8,1.5,10.2,"inches"
58,"HC","1St Edition","Fun Home","Memoir","Graphic Memoir",1,30,"N/A","Alison","Bechdel",0,"USA","White","1960-09-10",45,NA,NA,NA,0,NA,NA,NA,NA,"English",5,240,"Boston, USA","Houghton Mifflin Harcourt","8.6.2006","2006-06-08",6,0.7,9,"inches"
59,"SC","Original edition","Gaylord Phoenix","Fantasy","Graphic Fantasy",0,55,"N/A","Edie","Fake",1,"USA","White","1980-01-01",30,NA,NA,NA,1,NA,NA,NA,NA,"English",1,256,"New York, USA","Secret Acres","0.8 x 5.5 x 8.5 inches","2010-12-01",5.5,0.8,8.5,"inches"
60,"SC","New edition","Gemma Bovery","Literary Fiction","Graphic Novel",1,117,"N/A","Posy","Simmonds",0,"UK","White","1945-08-09",55,NA,NA,NA,0,NA,NA,NA,NA,"English",3,104,"New York City","Pantheon","6.6 x 0.3 x 11.3 inches","2001-01-01",6.6,0.3,11.3,"inches"
61,"SC",NA,"Ghost World","Coming of Age","Graphic Novel",1,45,"N/A","Daniel","Clowes",1,"USA","White","1961-04-14",39,NA,NA,NA,1,NA,NA,NA,NA,"English",2,80,"Seattle, USA","Fantagraphics","6.7 x 0.3 x 10.2 inches","2001-04-01",6.7,0.3,10.2,"inches"
62,"SC",NA,"Hawkeye, Vol. 1: My Life as a Weapon","Superhero","Graphic Novel",0,101,"N/A","Matt","Fraction",1,"USA","White","1975-12-01",37,NA,NA,NA,1,NA,NA,NA,NA,"English",1,136,"New York, USA","Marvel","6.5 x 0.2 x 10.2 inches","2013-03-19",6.5,0.2,10.2,"inches"
63,"HC","Library edition","Hellboy Library Edition, Volume 1: Seed of Destruction and Wake the Devil","Horror","Graphic Fantasy",0,14,"N/A","Mike","Mignola",1,"USA","White","1960-09-16",47,NA,NA,NA,1,NA,NA,NA,NA,"English",2,288,"Milwaukee, USA","Dark Horse","9.3 x 1.2 x 12.1 inches","2008-05-20",9.3,1.2,12.1,"inches"
64,"HC",NA,"Hellboy Library Edition, Volume 2: The Chained Coffin, The Right Hand of Doom, and Others","Superhero","Graphic Novel",0,14,"N/A","Mike","Mignola",1,"USA","White","1960-09-16",48,NA,NA,NA,1,NA,NA,NA,NA,"English",1,281,"Milwaukee, USA","Dark Horse","9.2 x 1.3 x 12.1 inches","2008-10-21",9.2,1.3,12.1,"inches"
65,"SC","Reissue edition","Hicksville","Mystery","Graphic Fantasy",0,53,"N/A","Dylan","Horrocks",1,"New Zealand","White","1966-01-01",48,NA,NA,NA,1,NA,NA,NA,NA,"English",1,238,"Montreal, Canada","Drawn and Quarterly","6.4 x 0.8 x 9.6 inches","2014-07-01",6.4,0.8,9.6,"inches"
66,"HC",NA,"How to Understand Israel in 60 Days or Less","Memoir","Graphic Memoir",1,123,"N/A","Sarah","Glidden",0,"USA","White","1980-06-16",30,NA,NA,NA,0,NA,NA,NA,NA,"English",1,208,"New York, USA","Vertigo",NA,"2010-11-09",6,0.4,9,"inches"
67,"HC",NA,"I Never Liked You","Memoir","Graphic Memoir",1,41,"N/A","Chester","Brown",1,"Canada","White","1960-05-16",33,NA,NA,NA,1,NA,NA,NA,NA,"English",1,187,"Montreal, Canada","Drawn and Quarterly","01.01.94","1994-01-01",0,0,0,NA
68,"SC",NA,"Icon. Vol.1: A Hero's Welcome","Superhero","Graphic Novel",0,52,"N/A","Dwayne","McDuffle",1,"Unknown","African American","1962-02-20",47,NA,NA,NA,1,NA,NA,NA,NA,"English",1,191,"New York, USA","DC Comics","6.6 x 0.4 x 10.2 inches","2009-10-06",6.6,0.4,10.2,"inches"
69,"HC",NA,"The Infinity Gauntlet","Science Fiction","Graphic Fantasy",1,78,"N/A","Jim","Starlin",1,"USA","White","1949-10-09",60,NA,NA,NA,1,NA,NA,NA,NA,"English",2,256,"New York City","Marvel","7 x 0.8 x 10.5 inches","2010-07-28",7,0.8,10.5,"inches"
70,"HC",NA,"It's A Bird","Memoir","Graphic Memoir",1,129,"N/A","Steven T.","Seagle",1,"USA","White","0",NA,NA,NA,NA,1,NA,NA,NA,NA,"English",1,134,"New York, USA","Vertigo","7 x 0.5 x 10.5 inches","2004-05-01",7,0.5,10.5,"inches"
71,"HC","2nd edition","It's a Good Life, If You Don't Weaken","Memoir","Graphic Memoir",1,125,"N/A","Gregory","Gallant",1,"Unknown","White","1962-09-16",37,NA,NA,NA,1,NA,NA,NA,NA,"English",3,176,"Montreal, Canada","Drawn and Quarterly","9 x 6.7 x 0.8 inches","2000-08-01",6.7,0.8,9,"inches"
73,"HC","First Edition edition","Jimmy Corrigan: The Smartest Kid on Earth","Literary Fiction","Graphic Novel",1,42,"N/A","Chris","Ware",1,"USA","White","1967-12-28",32,NA,NA,NA,1,NA,NA,NA,NA,"English",4,380,"New York City","Pantheon","6.8 x 1.6 x 8.4 inches","2000-09-12",8.4,1.6,6.8,"inches"
76,"HC",NA,"Need More Love: A Graphic Memoir","Memoir","Graphic Memoir",0,264,"N/A","Aline","Kominsky-Crumb",0,"USA","White","1948-08-01",58,NA,NA,NA,0,NA,NA,NA,NA,"Spanish",1,285,"London, UK","M Q Publications","6.7 x 0.6 x 9.4 inches","2007-02-01",7.1,1.7,9.7,"inches"
77,"SC","Original Edition","Logicomix: An Epic Search for Truth","Educational","Non-Fiction",0,31,"32","Apostolos","Doxiadis",1,"Australia","White","1953-06-06",56,"Christos","Papadimitriou",1,1,"Greece","White","1949-08-16",60,"English",1,352,"New York, USA","Bloomsbury USA","5.1 x 0.9 x 9.3 inches","2009-09-29",5.1,0.9,9.3,"inches"
79,"HC",NA,"Lost Girls","Adult","Miscellaneous",0,3,"N/A","Alan","Moore",1,"UK","White","1953-11-18",55,NA,NA,NA,1,NA,NA,NA,NA,"English",1,320,"Marietta, Georgia, USA","Top Shelf Productions","9 x 2 x 12 inches","2009-07-28",9,2,12,"inches"
81,"SC","1st edition","Mail Order Bride","Literary Fiction","Graphic Novel",0,99,"N/A","Mark","Kalesniko",1,"Canada","White","0",NA,NA,NA,NA,1,NA,NA,NA,NA,"English",1,261,"Seattle, USA","Fantagraphics","7.6 x 0.9 x 11 inches","2003-06-17",7.6,0.9,11,"inches"
82,"SC",NA,"Marbles: Mania, Depression, Michelangelo, and Me: A Graphic Memoir","Memoir","Graphic Memoir",0,56,"N/A","Ellen","Forney",0,"USA","White","1968-03-08",44,NA,NA,NA,0,NA,NA,NA,NA,"English",1,237,"New York, USA","Penguin Group","5.9 x 0.8 x 9 inches","2012-11-06",5.9,0.8,9,"inches"
83,"SC","First Edition","March: Book One","Biography","Non-Fiction",0,81,"165","John","Lewis",1,"USA","African American","1940-02-21",73,"Andrew","Aydin",1,1,"USA","White","1983-08-25",29,"English",2,121,"Marietta, Georgia, USA","Top Shelf Productions","0.5 x 6.5 x 9.2 inches","2013-08-13",6.5,0.5,9.2,"inches"
84,"SC",NA,"March: Book Two","Biography","Non-Fiction",0,81,"165","John","Lewis",1,"USA","African American","1940-02-21",74,"Andrew","Aydin",1,1,"USA","White","1983-08-25",31,"English",1,179,"Marietta, Georgia, USA","Top Shelf Productions","0.5 x 6.5 x 9.5 inches","2015-01-20",6.5,0.5,9.5,"inches"
85,"SC",NA,"Miracleman: The Golden Age","Superhero","Graphic Novel",0,108,"N/A","Neil","Gaiman",1,"UK","White","1960-11-10",31,NA,NA,NA,1,NA,NA,NA,NA,"English",1,160,"London, UK","Eclipse Books","10.1 x 6.5 x 0.3 inches","1992-01-01",6.5,0.3,10.1,"inches"
86,"HC",NA,"Mom's Cancer","Biography","Non-Fiction",0,37,"N/A","Brian","Fies",1,"Unknown","Unknown","0",NA,NA,NA,NA,1,NA,NA,NA,NA,"English",1,112,"New York, USA","Harry N. Abrams","7.6 x 0.6 x 5.5 inches","2009-01-01",7.6,0.6,5.5,"inches"
87,"SC","2nd edition","Mother, Come Home","Literary Fiction","Graphic Novel",1,116,"N/A","Paul","Hornschemeier",1,"USA","White","1977-10-27",26,NA,NA,NA,1,NA,NA,NA,NA,"English",1,128,"Seattle, USA","Fantagraphics","9.2 x 6.9 x 0.4 inches","2004-02-03",9.2,0.4,6.9,"inches"
88,"SC","1 edition","Narcissa","Coming of Age","Graphic Novel",0,87,"N/A","Lance","Tooks",1,"USA","African American","0",NA,NA,NA,NA,1,NA,NA,NA,NA,"English",1,208,"New York, USA","Doubleday","8 x 0.6 x 10.9 inches","2002-09-17",10.9,0.6,8,"inches"
89,"SC",NA,"Nat Turner","Biography","Non-Fiction",1,86,"N/A","Kyle","Baker",1,"USA","African American","1965-01-01",43,NA,NA,NA,1,NA,NA,NA,NA,"English",1,200,"New York, USA","Harry N. Abrams","6 x 0.9 x 9 inches","2008-06-01",6,0.9,9,"inches"
91,"HC",NA,"One Hundred Demons","Memoir","Graphic Memoir",1,95,"N/A","Lynda","Barry",0,"USA","Other Race","1956-01-02",46,NA,NA,NA,0,NA,NA,NA,NA,"English",2,224,"Seattle, USA","Sasquatch Books","6.3 x 9.7 x 0.9 inches","2002-08-13",9.7,0.9,6.3,"inches"
94,"SC",NA,"Our Cancer Year","Memoir","Graphic Memoir",0,11,"71","Harvey","Pekar",1,"USA","White","1939-10-08",55,"Joyce","Brabner",0,0,"USA","White","1952-03-01",42,"English",2,252,"New York, USA","Four Walls Eight Windows","10 x 8 x 0.4 inches","1994-10-13",8,0.4,10,"inches"
95,"SC","1st edition","Palestine","Graphic Journalism","Non-Fiction",0,80,"N/A","Joe","Sacco",1,"Malta","White","1960-10-02",41,NA,NA,NA,1,NA,NA,NA,NA,"English",2,285,"Seattle, USA","Fantagraphics","7.2 x 0.9 x 10.8 inches","2001-12-17",7.2,0.9,10.8,"inches"
96,"HC","1st edition","Palomar: The Heartbreak Soup Stories, A Love and Rockets Book","Literary Fiction","Graphic Novel",0,69,"N/A","Gilbert","Hernandez",1,"USA","Other Race","1957-02-01",46,NA,NA,NA,1,NA,NA,NA,NA,"English",1,512,"Seattle, USA","Fantagraphics","0.9 x 0.2 x 1.1 inches","2003-11-17",7.5,0.7,9,"inches"
97,"SC","First Edition","Paul Has a Summer Job","Coming of Age","Graphic Novel",0,104,"N/A","Michel","Rabagliati",1,"Canada","White","1961-01-01",41,NA,NA,NA,1,NA,NA,NA,NA,"English",1,145,"Montreal, Canada","Drawn and Quarterly","7.6 x 0.6 x 9.9 inches","2002-08-01",7.6,0.6,9.9,"inches"
98,"SC","Reprint edition","Paul Joins the Scouts","Coming of Age","Graphic Novel",0,104,"N/A","Michel","Rabagliati",1,"Canada","White","1961-01-01",52,NA,NA,NA,1,NA,NA,NA,NA,"English",1,143,"Montreal, Canada","Conundrum Press","0.5 x 7.2 x 9.5 inches","2013-05-23",7.2,0.5,9.5,"inches"
99,"SC",NA,"Pedro and Me: Friendship, Loss, and What I Learned","Memoir","Graphic Memoir",0,82,"N/A","Judd","Winick",1,"USA","White","1970-02-12",39,NA,NA,NA,1,NA,NA,NA,NA,"English",1,180,"New York, USA","Henry Holt and Company, LLC","6.4 x 0.5 x 9.1 inches","2009-03-31",6.4,0.5,9.1,"inches"
102,"HC","1St Edition","RASL","Science Fiction","Graphic Fantasy",0,76,"N/A","Jeff","Smith",1,"USA","White","1960-02-27",53,NA,NA,NA,1,NA,NA,NA,NA,"English",1,468,"Columbus, USA","Cartoon Books","1.5 x 8 x 10.2 inches","2013-09-17",8,1.5,10.2,"inches"
103,"HC",NA,"Red: A Haida Manga","Action/Adventure","Graphic Novel",1,103,"N/A","Michael Nicoll","Yahgulanaas",1,"Canada","Native American","1954-01-01",56,NA,NA,NA,1,NA,NA,NA,NA,"English",1,120,"Vancouver, Canada","Douglas and McIntyre","9 x 8.4 x 0.6 inches","2010-02-23",9,0.6,8.4,"inches"
105,"HC",NA,"Richard Stark's Parker: Slayground","Crime","Graphic Novel",0,308,"308","Donald Edwin","Westlake (Richard Stark)",1,"USA","White","1933-07-12",80,"Donald Edwin","Westlake (Richard Stark)",1,1,"USA","White","1933-07-12",80,"English",1,96,"San Diego, USA","IDW Publishing","13.7 x 9.4 x 1.7 inches","2013-12-26",6.8,0.8,9.5,"inches"
106,"SC",NA,"Safe Area Gorau017ede: The War in Eastern Bosnia, 1992-1995","Graphic Journalism","Non-Fiction",1,80,"N/A","Joe","Sacco",1,"Malta","White","1960-10-02",41,NA,NA,NA,1,NA,NA,NA,NA,"English",2,227,"Seattle, USA","Fantagraphics","7.6 x 0.6 x 10 inches","2002-01-17",7.6,0.6,10,"inches"
107,"HC",NA,"Saga of the Swamp Thing, Book 1","Superhero","Graphic Novel",1,3,"N/A","Alan","Moore",1,"UK","White","1953-11-18",55,NA,NA,NA,1,NA,NA,NA,NA,"English",1,208,"New York, USA","Vertigo","7.1 x 0.7 x 10.5 inches","2009-02-17",7.1,0.7,10.5,"inches"
108,"HC",NA,"Same Difference","Literary Fiction","Graphic Novel",0,50,"N/A","Derek Kirk","Kim",1,"South Korea","Asian","1974-01-01",37,NA,NA,NA,1,NA,NA,NA,NA,"English",1,80,"New York, USA","First Second","6.4 x 0.6 x 8.7 inches","2011-12-06",6.4,0.6,8.7,"inches"
109,"SC",NA,"Sex Criminals, Vol. 1: One Weird Trick","Comedy","Humor",0,101,"161","Matt","Fraction",1,"USA","White","1975-12-01",38,"Chip","Zdarsky",1,1,"Canada","White","1975-12-21",38,"English",1,128,"Berkeley, USA","Image Comics","10.2 x 6.6 x 0.4 inches","2014-04-29",6.6,0.4,10.2,"inches"
110,"SC",NA,"Sex Criminals, Vol. 2: Two Worlds, One Cop","Comedy","Humor",0,101,"161","Matt","Fraction",1,"USA","White","1975-12-01",39,"Chip","Zdarsky",1,1,"Canada","White","1975-12-21",39,"English",1,128,"Berkeley, USA","Image Comics","10.2 x 6.7 x 0.3 inches","2015-03-10",6.7,0.3,10.2,"inches"
111,"HC","1st edition","Shortcomings","Literary Fiction","Graphic Novel",1,25,"N/A","Adrian","Tomine",1,"USA","Asian","1974-05-13",33,NA,NA,NA,1,NA,NA,NA,NA,"English",3,104,"Montreal, Canada","Drawn and Quarterly","7.1 x 0.8 x 9.1 inches","2007-10-02",7.1,0.8,9.1,"inches"
112,"SC","Gph edition","Signal to Noise","Literary Fiction","Graphic Novel",1,108,"N/A","Neil","Gaiman",1,"UK","White","1960-11-10",31,NA,NA,NA,1,NA,NA,NA,NA,"English",2,117,"London, UK","Bloomsbury","0.2 x 8.8 x 11.5 inches","1992-10-13",8.8,0.2,11.5,"inches"
113,"SC","2nd Printing Edition","Sin City. The Hard Goodbye","Crime","Graphic Novel",1,22,"N/A","Frank","Miller",1,"USA","White","1957-01-27",34,NA,NA,NA,1,NA,NA,NA,NA,"English",1,200,"Milwaukee, USA","Dark Horse","10.1 x 6.6 x 0.5 inches","1992-01-01",6.6,0.5,10.1,"inches"
114,"HC","First Edition","Skim","Coming of Age","Graphic Novel",1,96,"160","Mariko","Tamaki",0,"Canada","Other Race","0",NA,"Jillian","Tamaki",0,0,"Canada","Other Race","0",NA,"English",1,142,"Toronto, Canada","Groundwood Books","0.8 x 7 x 10.2 inches","2008-02-28",7,0.8,10.2,"inches"
115,"SC",NA,"Stuck Rubber Baby","Historical Fiction","Graphic Novel",1,72,"N/A","Howard","Cruse",1,"USA","White","1944-05-02",55,NA,NA,NA,1,NA,NA,NA,NA,"English",2,210,"New York, USA","DC Comics","7 x 0.5 x 8.8 inches","2000-03-01",7,0.5,8.8,"inches"
117,"HC","Deluxe edition","Superman: Red Son","Superhero","Graphic Novel",1,100,"N/A","Mark","Millar",1,"UK","White","1969-12-24",39,NA,NA,NA,1,NA,NA,NA,NA,"English",1,168,"New York, USA","DC Comics","7.4 x 0.5 x 11 inches","2009-11-17",7.4,0.5,11,"inches"
118,"HC","First Edition first Printing edition","Swallow Me Whole","Literary Fiction","Graphic Novel",0,107,"N/A","Nate","Powell",1,"USA","White","1978-01-01",30,NA,NA,NA,1,NA,NA,NA,NA,"English",1,216,"Marietta, Georgia, USA","Top Shelf Productions","6.5 x 0.5 x 9.5 inches","2008-12-02",6.5,0.5,9.5,"inches"
119,"HC","First Edition","The Arrival","Literary Fiction","Graphic Novel",1,126,"N/A","Shaun","Tan",1,"Australia","White","1974-01-01",33,NA,NA,NA,1,NA,NA,NA,NA,"English",2,128,"Melbourne","Lothian Books","0.5 x 9 x 12 inches","2007-10-01",9,0.5,12,"inches"
120,"SC",NA,"The Barn Owl's Wondrous Capers","Historical Fiction","Graphic Novel",0,124,"N/A","Sarnath","Banerjee",1,"India","Asian","1972-01-01",35,NA,NA,NA,1,NA,NA,NA,NA,"English",1,263,"New Delhi, India","Penguin Books","9.2 x 6.6 x 0.8 inches","2007-01-09",6.6,0.8,9.2,"inches"
121,"HC","1 edition","The Book of Genesis","Educational","Non-Fiction",0,120,"N/A","Robert","Crumb",1,"USA","White","1943-08-30",66,NA,NA,NA,1,NA,NA,NA,NA,"English",2,224,"New York, USA","W. W. Norton and Company","8.9 x 1 x 11.2 inches","2009-10-19",8.9,1,11.2,"inches"
122,"HC","Deluxe edition","The Books of Magic","Fantasy","Graphic Fantasy",1,108,"140","Neil","Gaiman",1,"UK","White","1960-11-10",52,"Peter","Gross",1,1,"USA","White","1958-01-01",55,"English",1,208,"New York, USA","Vertigo","7.4 x 0.6 x 11.2 inches","2013-01-29",7.4,0.6,11.2,"inches"
123,"SC","Original edition","The Borden Tragedy: A Memoir of the Infamous Double Murder at Fall River, Mass., 1892 (A Treasury of Victorian Murder)","Crime","Graphic Novel",0,119,"N/A","Rick","Geary",1,"USA","White","1946-02-25",51,NA,NA,NA,1,NA,NA,NA,NA,"English",1,67,"New York, USA","NBM Publishing","6.5 x 0.3 x 9.5 inches","1997-09-01",6.5,0.3,9.5,"inches"
124,"HC","1 edition","The Boulevard of Broken Dreams","Historical Fiction","Graphic Novel",0,85,"N/A","Kim","Deitch",1,"USA","White","1944-01-01",58,NA,NA,NA,1,NA,NA,NA,NA,"English",1,160,"New York City","Pantheon","6.6 x 0.8 x 8.7 inches","2002-09-24",6.6,0.8,8.7,"inches"
126,"SC","1St Edition","Collected Essex County","Literary Fiction","Graphic Novel",0,75,"N/A","Jeff","Lemire",1,"Canada","White","1976-03-21",33,NA,NA,NA,1,NA,NA,NA,NA,"English",1,510,"Marietta, Georgia, USA","Top Shelf Productions","6.5 x 1.8 x 9 inches","2009-09-01",6.5,1.8,9,"inches"
127,"HC",NA,"The Complete Maus","Memoir","Graphic Memoir",0,33,"N/A","Art","Spiegelman",1,"Sweden","White","1948-02-15",48,NA,NA,NA,1,NA,NA,NA,NA,"English",0,295,"New York City","Pantheon","6.5 x 1.2 x 9.4 inches","1996-11-19",6.5,1.2,9.4,"inches"
129,"SC",NA,"The Cowboy Wally Show","Satire","Humor",0,86,"N/A","Kyle","Baker",1,"USA","African American","1965-01-01",38,NA,NA,NA,1,NA,NA,NA,NA,"English",1,128,"New York, USA","Marlowe and Company","10.8 x 8.4 x 0.4 inches","2003-12-01",8.4,0.4,10.8,"inches"
131,"SC","English Language edition","The Greatest of Marlys","Coming of Age","Graphic Novel",0,95,"N/A","Lynda","Barry",0,"USA","Other Race","1956-01-02",44,NA,NA,NA,0,NA,NA,NA,NA,"English",1,248,"Seattle, USA","Sasquatch Books","8.5 x 0.4 x 10 inches","2000-09-26",8.5,0.4,10,"inches"
132,"SC",NA,"The Hedge Knight: The Graphic Novel (A Game of Thrones)","Fantasy","Graphic Fantasy",NA,67,"68","George R. R.","Martin",1,"USA","White","1948-09-20",65,"Ben","Avery",1,1,"USA","White","0",NA,"English",2,184,"Seattle, USA","Jet City Comics","7 x 0.4 x 10 inches","2013-11-05",7,0.4,10,"inches"
134,"HC","1 edition","The Jew of New York","Historical Fiction","Graphic Novel",1,34,"N/A","Ben","Katchor",1,"USA","White","1951-01-01",47,NA,NA,NA,1,NA,NA,NA,NA,"English",1,97,"New York City","Pantheon","0.5 x 8.5 x 9.2 inches","1998-12-07",8.5,0.5,9.2,"inches"
135,"SC","Reprint edition","The Metamorphosis","Literary Fiction","Graphic Novel",0,207,"N/A","Peter","Kuper",1,"USA","White","1958-09-22",45,NA,NA,NA,1,NA,NA,NA,NA,"English",1,79,"New York, USA","Crown","6.2 x 0.2 x 9.1 inches","2004-07-20",6.2,0.2,9.1,"inches"
136,"HC",NA,"The Name of the Game","Memoir","Graphic Memoir",1,1,"N/A","Will","Eisner",1,"USA","White","1917-03-06",84,NA,NA,NA,1,NA,NA,NA,NA,"English",1,168,"New York City","W. W. Norton and Company","7.8 x 0.8 x 10.2 inches","2002-01-01",7.8,0.8,10.2,"inches"
137,"HC","First Edition ~1st Printing edition","The Originals","Science Fiction","Graphic Fantasy",1,26,"N/A","Dave","Gibbons",1,"UK","White","1949-04-14",55,NA,NA,NA,1,NA,NA,NA,NA,"English",1,160,"New York, USA","Vertigo","7.2 x 0.5 x 9.2 inches","2004-11-03",7.2,0.5,9.2,"inches"
139,"HC",NA,"The Property","Literary Fiction","Graphic Novel",0,122,"N/A","Rutu","Modan",0,"Israel","White","1966-01-01",47,NA,NA,NA,1,NA,NA,NA,NA,"English",1,222,"Montreal, Canada","Drawn and Quarterly","6.7 x 1.1 x 9.2 inches","2013-05-14",6.7,1.1,9.2,"inches"
140,"HC",NA,"The Puma Blues","Science Fiction","Graphic Fantasy",0,128,"N/A","Stephen","Murphy",1,"USA","Unknown","1980-11-03",34,NA,NA,NA,1,NA,NA,NA,NA,"English",1,526,"New York, USA","Dover Publications","16.9.2015","2015-09-16",7,2,10,"inches"
141,"HC",NA,"The Rocketeer","Superhero","Graphic Novel",1,48,"N/A","Dave","Stevens",1,"USA","White","1955-07-29",34,NA,NA,NA,1,NA,NA,NA,NA,"English",1,140,"San Diego, USA","IDW Publishing","11.2 x 8.5 x 0.4 inches","1990-03-01",8.5,0.4,11.2,"inches"
142,"SC","Reprint edition","The Sandman. Vol. 1: Preludes & Nocturnes","Fantasy","Graphic Fantasy",0,108,"N/A","Neil","Gaiman",1,"UK","White","1960-11-10",49,NA,NA,NA,1,NA,NA,NA,NA,"English",1,240,"New York, USA","DC Comics","6.7 x 0.4 x 10.1 inches","2010-10-19",6.7,0.4,10.1,"inches"
143,"SC","Reprint edition","The Sandman. Vol. 2: The Doll's House","Fantasy","Graphic Fantasy",0,108,"N/A","Neil","Gaiman",1,"UK","White","1960-11-10",49,NA,NA,NA,1,NA,NA,NA,NA,"English",1,232,"New York, USA","DC Comics","6.6 x 0.3 x 10.1 inches","2010-10-19",6.6,0.3,10.1,"inches"
144,"SC",NA,"The Sworn Sword: The Graphic Novel (A Game of Thrones)","Fantasy","Graphic Fantasy",0,67,"68","George R. R.","Martin",1,"USA","White","1948-09-20",65,"Ben","Avery",1,1,"USA","White","0",NA,"English",1,176,"Seattle, USA","Jet City Comics","6.5 x 0.8 x 10 inches","2014-01-21",6.5,0.8,10,"inches"
145,"SC",NA,"The Tale of One Bad Rat","Literary Fiction","Graphic Novel",1,38,"N/A","Bryan","Talbot",1,"UK","White","1952-02-24",43,NA,NA,NA,1,NA,NA,NA,NA,NA,0,117,"Milwaukee, USA","Dark Horse",NA,"1995-10-17",10.2,0.3,6.7,"inches"
147,"HC","1st Edition","The Thrilling Adventures of Lovelace and Babbage: The (Mostly) True Story of the First Computer","Historical Fiction","Graphic Novel",0,130,"N/A","Sydney","Padua",0,"Unknown","Unknown","0",NA,NA,NA,NA,0,NA,NA,NA,NA,"English",1,315,"New York City","Pantheon","7.3 x 1.1 x 10.3 inches","2015-04-21",7.3,1.1,10.3,"inches"
148,"SC",NA,"The Tragical Comedy or Comical Tragedy of Mr. Punch","Fantasy","Graphic Fantasy",0,108,"N/A","Neil","Gaiman",1,"UK","White","1960-11-10",34,NA,NA,NA,1,NA,NA,NA,NA,"English",1,96,"New York, USA","DC Comics","8.6 x 0.2 x 11.6 inches","1995-09-01",8.6,0.2,11.6,"inches"
149,"SC",NA,"The Wicked + The Divine, Vol. 1: The Faust Act","Superhero","Graphic Novel",0,84,"N/A","Kieron","Gillen",1,"UK","White","1975-01-01",39,NA,NA,NA,1,NA,NA,NA,NA,"English",1,144,"Berkeley, USA","Image Comics","10.2 x 6.6 x 0.3 inches","2014-11-25",6.6,0.3,10.2,"inches"
150,"HC","First Edition","To the Heart of the Storm","Historical Fiction","Graphic Novel",1,1,"N/A","Will","Eisner",1,"USA","White","1917-03-06",73,NA,NA,NA,1,NA,NA,NA,NA,"English",2,208,"New York City","W. W. Norton and Company","10.1 x 7.6 x 0.6 inches","1991-01-01",7.6,0.6,10.1,"inches"
151,"SC",NA,"Top 10: The Forty-Niners","Superhero","Graphic Novel",0,3,"N/A","Alan","Moore",1,"UK","White","1953-11-18",52,NA,NA,NA,1,NA,NA,NA,NA,"English",1,112,"La Jolla, USA","WildStorm","6.6 x 0.2 x 10.2 inches","2006-03-22",6.6,0.2,10.2,"inches"
152,"SC","First Printing edition","Troubled Souls","Coming of Age","Graphic Novel",0,64,"0","Garth","Ennis",1,"UK","White","1970-01-16",20,"David","Wojnarowicz",1,1,"USA","White","1954-09-14",35,"English",1,96,"London, UK","Fleetway Publications","10.2 x 6.6 x 0.4 inches","1990-02-01",6.6,0.4,10.2,"inches"
153,"HC","First Edition","Unterzakhn","Historical Fiction","Graphic Novel",0,88,"N/A","Leela","Corman",0,"Unknown","Unknown","0",NA,NA,NA,NA,0,NA,NA,NA,NA,"English",1,204,"New York, USA","Schocken Books and Random House","7.6 x 0.8 x 9.4 inches","2012-04-03",7.6,0.8,9.4,"inches"
154,"SC",NA,"Unwritten Vol. 1: Tommy Taylor and the Bogus Identity","Mystery","Graphic Fantasy",0,105,"N/A","Mike","Carey",1,"UK","White","1959-01-01",51,NA,NA,NA,1,NA,NA,NA,NA,"English",0,144,"New York, USA","DC Comics","6.6 x 0.3 x 10.2 inches","2010-01-12",6.6,0.3,10.2,"inches"
155,"SC","New edition","V for Vendetta","Science Fiction","Graphic Fantasy",0,3,"N/A","Alan","Moore",1,"UK","White","1953-11-18",54,NA,NA,NA,1,NA,NA,NA,NA,"English",3,296,"New York, USA","DC Comics","6.6 x 0.6 x 10.2 inches","2008-10-24",6.6,0.6,10.2,"inches"
156,"HC","Deluxe edition","Watchmen","Superhero","Graphic Novel",1,3,"N/A","Alan","Moore",1,"UK","White","1953-11-18",59,NA,NA,NA,1,NA,NA,NA,NA,"English",5,448,"New York City","DC Comics","7.4 x 1.3 x 11.2 inches","2013-06-04",7.4,1.3,11.2,"inches"
158,"SC",NA,"Blankets","Romance","Graphic Novel",1,43,"N/A","Craig","Thompson",1,"USA","White","1975-09-21",27,NA,NA,NA,1,NA,NA,NA,NA,"English",3,592,"Marietta, USA","Top Shelf Productions","6.5 x 1.5 x 9.8 inches","2003-08-05",6.5,1.5,9.8,"inches"
159,"SC","1st edition","Justice League: A New Beginning","Superhero","Graphic Novel",0,134,"170","Keith Ian","Giffen",1,"USA","White","1952-11-30",38,"John Marc","DeMatteis",1,1,"USA","White","1953-12-15",37,"English",0,181,"New York, USA","DC Comics",NA,"1991-09-01",6.8,0.4,10.2,"inches"
161,"SC","6th printing edition","Jaka's Story","Fantasy","Graphic Fantasy",0,135,"N/A","David Victor","Sim",1,"Canada","White","1952-11-30",38,NA,NA,NA,1,NA,NA,NA,NA,"English",0,486,"Kitchener, Canada","Aardvark-Vanaheim",NA,"1991-09-01",7.5,1.2,10,"inches"
162,"HC",NA,"Jar of Fools","Literary Fiction","Graphic Novel",1,73,"N/A","Jason","Lutes",1,"USA","White","1967-12-07",29,NA,NA,NA,1,NA,NA,NA,NA,NA,0,0,"Montreal, Canada","Black Eye Books",NA,"1997-01-01",0,0,0,NA
163,"SC",NA,"Why I Hate Saturn","Literary Fiction","Graphic Novel",0,86,"N/A","Kyle","Baker",1,"USA","African American","1965-01-01",39,NA,NA,NA,1,NA,NA,NA,NA,"English",0,199,"New York, USA","Vertigo",NA,"2004-08-31",8.2,0.4,10.8,"inches"
164,"HC","Limited edition","A Life Force","Historical Fiction","Graphic Novel",1,1,"N/A","Will","Eisner",1,"USA","White","1917-03-06",71,NA,NA,NA,1,NA,NA,NA,NA,"English",0,139,"Princeton, USA","Kitchen Sink Press",NA,"1988-05-01",7.2,0.7,10.3,"inches"
165,"HC",NA,"Kings in Disguise","Historical Fiction","Graphic Novel",1,136,"N/A","James","Vance",1,"USA","Unknown","1953-03-02",37,NA,NA,NA,1,NA,NA,NA,NA,"English",0,192,"Princeton, USA","Kitchen Sink Press",NA,"1990-10-01",9,0.8,11.8,"inches"
166,"HC",NA,"Love and Rockets, Vol. 12: Poison River","Coming of Age","Graphic Novel",1,69,"N/A","Gilbert","Hernandez",1,"USA","Other Race","1957-02-01",37,NA,NA,NA,1,NA,NA,NA,NA,"English",0,183,"Seattle, USA","Fantagraphics",NA,"1994-10-01",9,0.8,11.8,"inches"
167,"HC","1st Edition","Tantrum!","Comedy","Humor",1,137,"N/A","Jules Ralph","Feiffer",1,"USA","White","1929-01-26",50,NA,NA,NA,1,NA,NA,NA,NA,"English",0,183,"New York City","Random House Inc",NA,"1979-11-01",10.6,1.1,8.2,"inches"
168,"SC",NA,"The Ballad of Doctor Richardson","Romance","Graphic Novel",0,138,"N/A","Paul","Pope",1,"USA","White","1970-09-26",27,NA,NA,NA,1,NA,NA,NA,NA,"English",0,113,"Milwaukee, USA","Horse Press",NA,"1998-01-01",9.5,0.5,12.6,"inches"
169,"HC","First Edition","Are You My Mother? A Comic Drama","Memoir","Graphic Memoir",1,30,"N/A","Alison","Bechdel",0,"USA","White","1960-09-10",51,NA,NA,NA,0,NA,NA,NA,NA,"English",0,304,"Boston, USA","Houghton Mifflin Harcourt",NA,"2012-05-01",6.2,1,9.2,"inches"
170,"HC",NA,"The Diary of a Teenage Girl","Memoir","Graphic Memoir",1,209,"N/A","Phoebe Louise Adams","Gloeckner",0,"USA","White","1960-12-22",42,NA,NA,NA,0,NA,NA,NA,NA,"English",0,320,"Berkeley, USA","Frog Books",NA,"2003-02-28",6.8,1.3,9.5,"inches"
171,"HC",NA,"Stitches. A Memoir","Memoir","Graphic Memoir",1,210,"N/A","David","Small",1,"USA","White","1945-02-12",64,NA,NA,NA,1,NA,NA,NA,NA,"English",0,336,"New York City","W. W. Norton and Company",NA,"2009-09-08",7.4,1.1,9.3,"inches"
172,"HC",NA,"Psychiatric Tales","Educational","Non-Fiction",1,211,"N/A","Darryl","Cunningham",1,"UK","White","1960-01-01",50,NA,NA,NA,1,NA,NA,NA,NA,"English",0,150,"London","Blank Slate",NA,"2010-03-19",6.1,0.8,8.5,"inches"
173,"HC","First Edition","Habibi","Romance","Graphic Novel",0,43,"N/A","Craig","Thompson",1,"USA","White","1975-09-21",35,NA,NA,NA,1,NA,NA,NA,NA,"English",0,656,"New York City","Pantheon",NA,"2011-09-20",7.3,2,9.2,"inches"
174,"HC","First Edition","Harvey Pekar's Cleveland","Memoir","Graphic Memoir",0,11,"0","Harvey","Pekar",1,"USA","White","1939-10-08",72,"David","Wojnarowicz",1,1,"USA","White","1954-09-14",57,"English",0,120,"Marietta, Georgia, USA","Top Shelf Productions",NA,"2012-05-03",6.6,0.7,9.2,"inches"
175,"HC","First Edition","Footnotes in Gaza","Graphic Journalism","Non-Fiction",1,80,"N/A","Joe","Sacco",1,"Malta","White","1960-10-02",49,NA,NA,NA,1,NA,NA,NA,NA,"English",0,432,"New York, USA","Metropolitan Books",NA,"2009-12-22",8.1,1.2,10.8,"inches"
176,"SC","First Edition","Bumf Vol. 1: I Buggered The Kaiser","Satire","Humor",0,80,"N/A","Joe","Sacco",1,"Malta","White","1960-10-02",54,NA,NA,NA,1,NA,NA,NA,NA,"English",0,119,"Seattle, USA","Fantagraphics",NA,"2014-11-02",7.1,0.5,10.5,"inches"
177,"HC","First Edition","Munnu: A Boy From Kashmir","Coming of Age","Graphic Novel",1,213,"N/A","Malik","Sajad",1,"India","Asian","1987-01-01",28,NA,NA,NA,1,NA,NA,NA,NA,"English",0,348,"London, UK","Fourth Estate",NA,"2015-06-18",5.9,1.3,9.2,"inches"
178,"SC","First Edition","Ed the Happy Clown","Memoir","Graphic Novel",1,41,"N/A","Chester","Brown",1,"Canada","White","1960-05-16",31,NA,NA,NA,1,NA,NA,NA,NA,"English",0,0,"Toronto, Canada","Vortex Comics Inc.",NA,"1992-01-01",6.1,0.5,8.9,"inches"
179,"SC",NA,"You Are Here","Humor","Humor",0,86,"N/A","Kyle","Baker",1,"USA","African American","1965-01-01",33,NA,NA,NA,1,NA,NA,NA,NA,"English",0,156,"New York, USA","Vertigo",NA,"1998-11-01",8.5,0.4,11,"inches"
180,"SC",NA,"Last Day in Vietnam","Memoir","Graphic Memoir",1,1,"N/A","Will","Eisner",1,"USA","White","1917-03-06",83,NA,NA,NA,1,NA,NA,NA,NA,"English",0,80,"Milwaukee, USA","Dark Horse",NA,"2000-07-25",8,0.3,11,"inches"
181,"SC","First Edition","The Golem's Mighty Swing","Sports","Miscellaneous",0,214,"N/A","James","Sturm",1,"USA","White","1965-01-01",36,NA,NA,NA,1,NA,NA,NA,NA,"English",0,100,"Montreal, Canada","Drawn and Quarterly",NA,"2001-07-01",7.5,0.4,10.1,"inches"
182,"HC",NA,"Louis Riel: A Comic-Strip Biography","Biography","Non-Fiction",1,41,"N/A","Chester","Brown",1,"Canada","White","1960-05-16",43,NA,NA,NA,1,NA,NA,NA,NA,"English",0,260,"Montreal, Canada","Drawn and Quarterly",NA,"2004-01-01",6.3,1.2,9.3,"inches"
183,"HC",NA,"Tricked","Literary Fiction","Graphic Novel",0,215,"N/A","Alex","Robinson",1,"USA","White","1969-08-08",36,NA,NA,NA,1,NA,NA,NA,NA,"English",0,349,"Marietta, Georgia, USA","Top Shelf Productions",NA,"2005-08-23",6.5,1,9.6,"inches"
184,"SC",NA,"Pride of Baghdad","Fantasy","Graphic Fantasy",1,216,"N/A","Brian K.","Vaughan",1,"USA","White","1976-07-17",31,NA,NA,NA,1,NA,NA,NA,NA,"English",0,136,"New York, USA","Vertigo",NA,"2008-01-02",6.6,0.3,10.1,"inches"
185,"HC",NA,"Too Cool To Be Forgotten","Fantasy","Graphic Fantasy",0,215,"N/A","Alex","Robinson",1,"USA","White","1969-08-08",38,NA,NA,NA,1,NA,NA,NA,NA,"English",0,125,"Marietta, USA","Top Shelf Productions",NA,"2008-08-04",5.6,0.6,7.6,"inches"
186,"HC","First Edition","Richard Stark's Parker: The Score","Crime","Graphic Novel",0,46,"N/A","Darwyn","Cooke",1,"Canada","White","1962-01-01",50,NA,NA,NA,1,NA,NA,NA,NA,"English",0,138,"San Diego, USA","IDW Publishing",NA,"2012-07-24",5.9,0.9,9.1,"inches"
187,"HC",NA,"The Fifth Beatle: The Brian Epstein Story","Biography","Non-Fiction",1,218,"N/A","Vivek J.","Tiwary",1,"USA","Asian","1973-05-15",40,NA,NA,NA,1,NA,NA,NA,NA,"English",0,135,"Milwaukee, USA","Dark Horse",NA,"2013-11-19",8.3,0.7,12.5,"inches"
189,"SC",NA,"The Motherless Oven","Fantasy","Graphic Fantasy",0,224,"N/A","Rob","Davis",1,"UK","White","0",NA,NA,NA,NA,1,NA,NA,NA,NA,"English",0,156,"London, UK","SelfMadeHero",NA,"2014-10-21",6.8,0.6,9.5,"inches"
190,"HC","First Edition","The Encyclopedia of Early Earth","Fantasy","Graphic Fantasy",0,225,"N/A","Isabel","Greenberg",0,"UK","White","0",NA,NA,NA,NA,0,NA,NA,NA,NA,"English",0,176,"Boston, USA","Little, Brown and Company",NA,"2013-12-03",8.8,1,12.2,"inches"
191,"HC",NA,"The Nao of Brown","Coming of Age","Graphic Novel",0,226,"N/A","Glyn","Dillon",1,"UK","White","1971-01-01",41,NA,NA,NA,1,NA,NA,NA,NA,"English",0,204,"New York, USA","Harry N. Abrams",NA,"2012-10-01",8,1,10.5,"inches"
192,"SC",NA,"Nelson","Historical Fiction","Graphic Novel",0,224,"N/A","Rob","Davis",1,"UK","White","0",NA,NA,NA,NA,1,NA,NA,NA,NA,"English",0,230,"London, UK","Blank Slate",NA,"2011-11-01",7.8,0.7,10.3,"inches"
193,"HC","First Edition","The Sculptor","Fantasy","Graphic Fantasy",0,223,"N/A","Scott","McCloud",1,"USA","White","1960-06-10",54,NA,NA,NA,1,NA,NA,NA,NA,"English",0,496,"New York, USA","First Second",NA,"2015-02-03",6.4,1.9,8.7,"inches"
194,"SC",NA,"I Kill Giants","Coming of Age","Graphic Novel",0,221,"N/A","Joseph","Kelly",1,"USA","Other Race","1972-09-24",36,NA,NA,NA,1,NA,NA,NA,NA,"English",0,184,"Berkeley, USA","Image Comics",NA,"2009-05-26",6.5,0.4,10.1,"inches"
195,"HC",NA,"Killing and Dying","Literary Fiction","Graphic Novel",0,25,"N/A","Adrian","Tomine",1,"USA","Asian","1974-05-13",41,NA,NA,NA,1,NA,NA,NA,NA,"English",0,121,"Montreal, Canada","Drawn and Quarterly",NA,"2015-10-06",6.7,0.9,9.7,"inches"
197,"SC",NA,"Beverly","Satire","Humor",0,230,"N/A","Nick","Drnaso",1,"USA","White","1989-01-01",27,NA,NA,NA,1,NA,NA,NA,NA,"English",0,133,"Montreal, Canada","Drawn and Quarterly",NA,"2016-01-26",7.3,0.6,8.8,"inches"
198,"HC",NA,"Here","Historical Fiction","Graphic Novel",0,231,"N/A","Richard","McGuire",1,"USA","White","1957-01-01",57,NA,NA,NA,1,NA,NA,NA,NA,"English",0,304,"New York City","Pantheon",NA,"2014-12-09",6.8,1.1,9.6,"inches"
201,"SC",NA,"Long Red Hair","Memoir","Graphic Memoir",0,234,"N/A","Meags","Fitzgerald",0,"Canada","White","0",NA,NA,NA,NA,0,NA,NA,NA,NA,"English",0,93,"Montreal, Canada","Conundrum Press",NA,"2015-09-21",8.5,0.5,6.5,"inches"
202,"SC","First Edition","Nod Away","Science Fiction","Graphic Fantasy",0,235,"N/A","Joshua W.","Cotter",1,"Unknown","White","0",NA,NA,NA,NA,1,NA,NA,NA,NA,"English",0,221,"Seattle, USA","Fantagraphics",NA,"2016-02-15",7.8,0.8,10.2,"inches"
203,"HC",NA,"Mary Wept Over the Feet of Jesus","Historical Fiction","Graphic Novel",0,41,"N/A","Chester","Brown",1,"Canada","White","1960-05-16",55,NA,NA,NA,1,NA,NA,NA,NA,"English",0,280,"Montreal, Canada","Drawn and Quarterly",NA,"2016-04-12",4.2,1.1,7.5,"inches"
204,"SC","First Edition","Sacred Heart","Coming of Age","Graphic Novel",0,236,"N/A","Liz","Suburbia",0,"USA","White","0",NA,NA,NA,NA,0,NA,NA,NA,NA,"English",0,309,"Seattle, USA","Fantagraphics",NA,"2015-09-20",6.6,1.1,9.5,"inches"
206,"HC","First Edition","Market Day","Historical Fiction","Graphic Novel",0,214,"N/A","James","Sturm",1,"USA","White","1965-01-01",45,NA,NA,NA,1,NA,NA,NA,NA,"English",0,96,"Montreal, Canada","Drawn and Quarterly",NA,"2010-03-30",6.8,0.7,10,"inches"
207,"HC","Ltd Sgd edition","Big Questions","Fairy Tale","Graphic Fantasy",1,238,"N/A","Anders","Nilsen",1,"USA","White","1973-01-01",38,NA,NA,NA,1,NA,NA,NA,NA,"English",0,658,"Montreal, Canada","Drawn and Quarterly",NA,"2011-08-16",7.6,2.5,9.5,"inches"
208,"SC",NA,"This One Summer","Coming of Age","Graphic Novel",1,96,"N/A","Mariko","Tamaki",0,"Canada","Other Race","0",NA,NA,NA,NA,0,NA,NA,NA,NA,"English",0,317,"New York, USA","First Second",NA,"2014-05-06",6,0.9,8.4,"inches"
209,"SC",NA,"The Oven","Science Fiction","Graphic Fantasy",0,237,"N/A","Sophie","Goldstein",0,"USA","White","0",NA,NA,NA,NA,0,NA,NA,NA,NA,"English",0,80,"Richmond, USA","AdHouse Books",NA,"2015-06-16",5.4,0.4,7.3,"inches"
210,"HC","First Edition","Paying For It","Memoir","Graphic Memoir",1,41,"N/A","Chester","Brown",1,"Canada","White","1960-05-16",53,NA,NA,NA,1,NA,NA,NA,NA,NA,0,292,"Montreal, Canada","Drawn and Quarterly",NA,"2013-05-28",6,1.3,7.8,"inches"
211,"SC","Revised Edition","The Playboy","Memoir","Graphic Memoir",0,41,"N/A","Chester","Brown",1,"Canada","White","1960-05-16",53,NA,NA,NA,1,NA,NA,NA,NA,NA,0,198,"Montreal, Canada","Drawn and Quarterly",NA,"2013-05-28",4.4,0.8,7,"inches"
212,"SC","7th Edition","Like a Velvet Glove Cast in Iron","Mystery","Graphic Fantasy",0,45,"N/A","Daniel","Clowes",1,"USA","White","1961-04-14",31,NA,NA,NA,1,NA,NA,NA,NA,NA,0,142,"Seattle, USA","Fantagraphics",NA,"1993-01-17",7.6,0.5,11,"inches"
213,"HC","First Edition","Ice Haven","Literary Fiction","Graphic Novel",1,45,"N/A","Daniel","Clowes",1,"USA","White","1961-04-14",44,NA,NA,NA,1,NA,NA,NA,NA,NA,0,88,"New York City","Pantheon",NA,"2005-06-07",8.1,0.6,5.6,"inches"
214,"HC","First Edition","David Boring","Romance","Graphic Novel",1,45,"N/A","Daniel","Clowes",1,"USA","White","1961-04-14",39,NA,NA,NA,1,NA,NA,NA,NA,NA,0,116,"New York City","Pantheon",NA,"2000-09-12",7.9,0.7,10.5,"inches"
215,"HC","First Edition","Wimbledon Green","Crime","Graphic Novel",0,125,"N/A","Gregory","Gallant",1,"Unknown","White","1962-09-16",43,NA,NA,NA,1,NA,NA,NA,NA,NA,0,125,"Montreal, Canada","Drawn and Quarterly",NA,"2005-12-13",6.2,0.8,8.1,"inches"
216,"HC","First Edition","George Sprott, 1894-1975","Literary Fiction","Graphic Novel",0,125,"N/A","Gregory","Gallant",1,"Unknown","White","1962-09-16",46,NA,NA,NA,1,NA,NA,NA,NA,NA,0,96,"Montreal, Canada","Drawn and Quarterly",NA,"2009-05-26",12.2,0.7,14.3,"inches"
217,"SC",NA,"Daddy's Girl","Coming of Age","Graphic Novel",1,239,"N/A","Debbie","Drechsler",0,"USA","White","1953-01-01",43,NA,NA,NA,0,NA,NA,NA,NA,NA,0,88,"Seattle, USA","Fantagraphics",NA,"1996-06-01",7.8,0.2,7.2,"inches"
218,"SC",NA,"Brooklyn Dreams","Coming of Age","Graphic Novel",1,170,"N/A","John Marc","DeMatteis",1,"USA","White","1953-12-15",49,NA,NA,NA,1,NA,NA,NA,NA,NA,0,384,"New York, USA","DC Comics",NA,"2003-04-01",5.5,1,8,"inches"
219,"SC","First edition","A History of Violence","Crime","Graphic Novel",0,240,"N/A","John","Wagner",1,"USA","White","1949-01-01",55,NA,NA,NA,1,NA,NA,NA,NA,NA,0,296,"New York, USA","Paradox Press",NA,"2004-12-01",5.5,0.8,8,"inches"
220,"SC","Annotated Adition","Stray Toasters","Crime","Graphic Novel",0,242,"N/A","Boleslav William Felix Robert Bill","Sienkiewicz",1,"USA","White","1958-05-03",50,NA,NA,NA,1,NA,NA,NA,NA,NA,0,224,"Berkeley, USA","Image Comics",NA,"2008-11-25",6.6,0.5,10.2,"inches"
221,"SC","Second Edition","Clumsy","Literary Fiction","Graphic Novel",0,243,"N/A","Jeffrey","Brown",1,"USA","White","1975-07-01",27,NA,NA,NA,1,NA,NA,NA,NA,NA,0,224,"Marietta, Georgia, USA","Top Shelf Productions",NA,"2003-05-04",4.6,0.6,7.2,"inches"
222,"SC","Reprint Edition","La Perdida","Literary Fiction","Graphic Novel",1,244,"N/A","Jessica","Abel",0,"USA","White","1969-01-01",31,NA,NA,NA,0,NA,NA,NA,NA,NA,0,256,"New York City","Pantheon",NA,"2000-05-20",6.6,0.9,8.5,"inches"
224,"HC","First Edition","We Are On Our Own","Memoir","Graphic Memoir",0,246,"N/A","Miriam","Katin",0,"Hungary","White","0",NA,NA,NA,NA,0,NA,NA,NA,NA,NA,0,122,"Montreal, Canada","Drawn and Quarterly",NA,"2006-05-16",8.2,0.7,8.6,"inches"
232,"HC",NA,"Hark! A Vagrant","Humor","Humor",1,255,"N/A","Kathryn Moira","Beaton",0,"Canada","White","1983-09-08",28,NA,NA,NA,0,NA,NA,NA,NA,NA,0,166,"Montreal, Canada","Drawn and Quarterly",NA,"2011-09-27",5.5,0.9,8.7,"inches"
233,"HC",NA,"The Voyeurs","Memoir","Graphic Memoir",0,256,"N/A","Gabrielle","Bell",1,"UK","White","1976-03-24",36,NA,NA,NA,1,NA,NA,NA,NA,NA,0,156,"Minneapolis, USA","Uncivilized Books",NA,"2012-09-04",6.2,0.4,9,"inches"
234,"HC",NA,"Anya's Ghost","Coming of Age","Graphic Novel",1,257,"N/A","Vera","Brosgol",0,"Russia","White","1984-08-01",26,NA,NA,NA,0,NA,NA,NA,NA,NA,0,221,"New York City","First Second",NA,"2011-06-07",6.1,0.7,8.7,"inches"
235,"HC",NA,"Make Me a Woman","Memoir","Graphic Memoir",0,258,"N/A","Vanessa","Davis",0,"USA","White","1978-10-14",31,NA,NA,NA,0,NA,NA,NA,NA,NA,0,120,"Montreal, Canada","Drawn and Quarterly",NA,"2010-10-12",8.7,1.1,11.1,"inches"
237,"HC",NA,"Tanpopo Vol. 1","Science Fiction","Graphic Fantasy",0,260,"N/A","Camilla","D'Errico",0,"Canada","White","1980-09-30",32,NA,NA,NA,0,NA,NA,NA,NA,NA,0,176,"Los Angeles, USA","BOOM! Studios",NA,"2012-10-01",9,0.9,11.8,"inches"
238,"SC",NA,"Tangles: A Story About Alzheimer's, My Mother, and Me","Memoir","Graphic Memoir",0,265,"N/A","Sarah","Leavitt",0,"Unknown","White","0",NA,NA,NA,NA,0,NA,NA,NA,NA,NA,0,127,"New York, USA","Skyhorse Publishing",NA,"2012-05-01",9.2,0.3,10.5,"inches"
239,"SC",NA,"Special Exits","Memoir","Graphic Memoir",0,262,"N/A","Joyce","Farmer",0,"USA","White","1938-01-01",76,NA,NA,NA,0,NA,NA,NA,NA,NA,0,200,"Seattle, USA","Fantagraphics",NA,"2014-08-03",7.4,1.8,10,"inches"
240,"SC",NA,"An Age of License: a Travelogue","Travel Writing","Non-Fiction",0,263,"N/A","Lucy","Knisley",0,"USA","White","1985-01-11",29,NA,NA,NA,0,NA,NA,NA,NA,NA,0,189,"Seattle, USA","Fantagraphics",NA,"2014-09-22",5.6,0.7,7.4,"inches"
241,"SC",NA,"Patsy Walker, A.K.A. Hellcat! Vol. 1: Hooked On A Feline","Superhero","Graphic Novel",0,266,"N/A","Kate","Leth",0,"Canada","White","1988-09-29",27,NA,NA,NA,0,NA,NA,NA,NA,NA,0,136,"New York, USA","Marvel",NA,"2016-07-05",6.8,0.2,10.1,"inches"
243,"SC",NA,"Moon Girl and Devil Dinosaur, Vol. 1: BFF","Fantasy","Graphic Fantasy",0,268,"269","Amy","Reeder",0,"USA","White","1980-08-25",35,"Brandon","Montclare",1,0,"Unknown","White","0",NA,NA,0,136,"New York, USA","Marvel",NA,"2016-07-05",6.8,0.2,10.2,"inches"
244,"HC",NA,"Leaving Megalopolis","Horror","Graphic Fantasy",0,271,"N/A","Gail","Simone",0,"USA","White","1974-07-29",40,NA,NA,NA,0,NA,NA,NA,NA,NA,0,128,"Milwaukee, USA","Dark Horse",NA,"2014-09-30",6.9,0.6,10.5,"inches"
245,"SC",NA,"Omega: The Unknown","Superhero","Graphic Novel",0,273,"274","Stephen Ross","Gerber",1,"USA","White","1974-09-20",31,"Mary","Skrenes",0,0,"Unknown","White","0",NA,NA,0,224,"New York, USA","Marvel",NA,"2005-12-28",6.7,0.4,10.2,"inches"
246,"SC",NA,"Becoming Unbecoming","Crime","Graphic Novel",0,284,"N/A","Una","Una",0,"UK","White","0",NA,NA,NA,NA,0,NA,NA,NA,NA,NA,0,169,"Vancouver, Canada","Arsenal Pulp Press",NA,"2016-10-18",6.5,0.7,8.9,"inches"
247,"HC",NA,"When David Lost His Voice","Literary Fiction","Graphic Novel",0,281,"N/A","Judith","Vanistendael",0,"Belgium","White","1974-01-01",39,NA,NA,NA,0,NA,NA,NA,NA,NA,0,267,"London, UK","SelfMadeHero",NA,"2013-03-19",6.5,1.2,9.5,"inches"
249,"HC",NA,"New Spring","Fantasy","Graphic Fantasy",1,285,"286","James Oliver Rigney Jr.","Robert Jordan",1,"USA","White","1948-10-17",62,"Charles Dixon","Chuck",1,1,"USA","White","1954-03-14",56,NA,0,230,"New York, USA","Tor Books",NA,"2011-01-01",6.9,1,10.2,"inches"
250,"SC",NA,"The Inhumans: By Right of Birth","Superhero","Graphic Novel",0,288,"289","Ann Annie","Nocenti",0,"USA","White","1957-01-17",56,"Lou","Mougin",1,0,"USA","White","1954-01-01",59,NA,0,117,"New York, USA","Marvel",NA,"2013-11-19",6.8,0.5,10.2,"inches"
251,"SC",NA,"Greenberg the Vampire","Horror","Graphic Fantasy",0,170,"N/A","John Marc","DeMatteis",1,"USA","White","1953-12-15",61,NA,NA,NA,1,NA,NA,NA,NA,NA,0,102,"New York, USA","Marvel",NA,"2015-10-20",6.6,0.2,10.1,"inches"
252,"SC","Reprint edition","The Picture of Dorian Gray: A Graphic Novel","Literary Fiction","Graphic Novel",0,295,"N/A","Ian","Edginton",1,"UK","White","0",NA,NA,NA,NA,1,NA,NA,NA,NA,NA,0,119,"New York, USA","Sterling",NA,"2009-01-26",9.4,0.6,6.5,"inches"
253,"HC","Collector's edition","Prince of Persia: The Graphic Novel","Action/Adventure","Graphic Novel",1,297,"298","Jordan","Mechner",1,"USA","White","1964-06-04",44,"A. B.","Sina",0,0,"Unknown","Unknown","0",NA,NA,0,190,"New York, USA","First Second",NA,"2008-09-02",6.6,0.9,8.5,"inches"
254,"SC",NA,"A Sailor's Story","Action/Adventure","Graphic Novel",0,301,"N/A","Sam","Glanzman",1,"USA","White","1924-12-05",90,NA,NA,NA,1,NA,NA,NA,NA,NA,0,123,"New York, USA","Dover Publications",NA,"2015-04-15",8.2,0.5,10.9,"inches"
255,"HC","1st edition","A Game of Thrones: The Graphic Novel Vol.1","Fantasy","Graphic Fantasy",1,67,"304","George R. R.","Martin",1,"USA","White","1948-09-20",63,"Daniel James","Abraham",1,1,"USA","White","1969-11-14",42,NA,0,240,"New York, USA","Bantam",NA,"2012-03-27",6.9,0.8,10.5,"inches"
256,"HC","1 edition","Cousin Joseph: A Graphic Novel","Crime","Graphic Novel",0,137,"N/A","Jules Ralph","Feiffer",1,"USA","White","1929-01-26",87,NA,NA,NA,1,NA,NA,NA,NA,NA,0,111,"New York, USA","Liveright",NA,"2016-07-26",8.9,0.7,11.3,"inches"
257,"HC","1 edition","Kill My Mother","Crime","Graphic Novel",1,137,"N/A","Jules Ralph","Feiffer",1,"USA","White","1929-01-26",85,NA,NA,NA,1,NA,NA,NA,NA,NA,0,148,"New York, USA","Liveright",NA,"2014-08-25",8.8,0.9,11.2,"inches"
258,"SC",NA,"The Cartoon History of the Universe III: From the Rise of Arabia to the Renaissance","Educational","Non-Fiction",1,306,"N/A","Larry","Gonick",1,"USA","White","1946-08-24",56,NA,NA,NA,1,NA,NA,NA,NA,NA,0,320,"New York, USA","W. W. Norton and Company",NA,"2002-10-17",7.6,0.9,10.5,"inches"
259,"HC",NA,"Ruins","Literary Fiction","Graphic Novel",0,207,"N/A","Peter","Kuper",1,"USA","White","1958-09-22",57,NA,NA,NA,1,NA,NA,NA,NA,NA,0,256,"London, UK","SelfMadeHero",NA,"2015-10-06",7.9,1.2,10.6,"inches"
260,"HC",NA,"Stray Bullets, Vol.1: Innocence of Nihilism","Crime","Graphic Novel",1,307,"N/A","David","Lapham",1,"USA","White","1970-01-01",31,NA,NA,NA,1,NA,NA,NA,NA,NA,0,0,NA,"El Capitan Books",NA,"2001-01-01",0,0,0,NA
261,"SC",NA,"King City","Science Fiction","Graphic Fantasy",0,36,"N/A","Brandon","Graham",1,"USA","White","1976-01-01",36,NA,NA,NA,1,NA,NA,NA,NA,NA,0,424,"Berkeley, USA","Image Comics",NA,"2012-03-20",7.5,1.2,10.3,"inches"
262,"HC",NA,"Richard Stark's Parker: The Hunter","Crime","Graphic Novel",1,308,"46","Donald Edwin","Westlake (Richard Stark)",1,"USA","White","1933-07-12",76,"Darwyn","Cooke",1,1,"Canada","White","1962-01-01",47,NA,0,160,"San Diego, USA","IDW Publishing",NA,"2009-07-28",6.4,0.7,9.2,"inches"
263,"HC",NA,"Marvels","Superhero","Graphic Novel",1,309,"N/A","Kurt","Busiek",1,"USA","White","1960-09-16",43,NA,NA,NA,1,NA,NA,NA,NA,NA,0,400,"New York, USA","Marvel",NA,"2004-01-01",8,1,12,"inches"
264,"HC",NA,"Nimona","Fantasy","Graphic Fantasy",1,310,"N/A","Noelle","Stevenson",0,"USA","White","1991-12-31",23,NA,NA,NA,0,NA,NA,NA,NA,NA,0,272,"New York, USA","HarperTeen",NA,"2015-05-12",6,0.9,9,"inches"
265,"SC",NA,"Demon, Vol.1","Fiction","Graphic Novel",0,311,"N/A","Jason","Shiga",1,"USA","Asian","1976-01-01",40,NA,NA,NA,1,NA,NA,NA,NA,NA,0,176,"New York, USA","First Second",NA,"2016-10-04",6.8,0.5,8.6,"inches"
266,"SC","Revised edition","Bone: The Complete Cartoon Epic in One Volume","Fantasy","Graphic Fantasy",0,76,"N/A","Jeff","Smith",1,"USA","White","1960-02-27",44,NA,NA,NA,1,NA,NA,NA,NA,NA,0,1344,"Columbus, USA","Cartoon Books",NA,"2004-09-01",6.5,2.2,9,"inches"
267,"SC",NA,"Understanding Comics: The Invisible Art","Educational","Non-Fiction",0,223,"N/A","Scott","McCloud",1,"USA","White","1960-06-10",33,NA,NA,NA,1,NA,NA,NA,NA,NA,0,215,"New York, USA","HarperCollins Publishers Ltd",NA,"1994-04-27",6.8,0.6,10.2,"inches"
268,"HC",NA,"Wonder Woman: The True Amazon","Superhero","Graphic Novel",1,184,"N/A","Jill","Thompson",0,"USA","White","1966-11-20",49,NA,NA,NA,0,NA,NA,NA,NA,NA,0,128,"New York, USA","DC Comics",NA,"2016-10-04",6.8,0.5,10.5,"inches"
271,"SC","1st edition","My Favorite Thing Is Monsters","Crime","Graphic Novel",0,315,"N/A","Emil","Ferris",0,"USA","White","1962-01-01",55,NA,NA,NA,0,NA,NA,NA,NA,NA,0,386,"Seattle, USA","Fantagraphics",NA,"2017-02-14",8.2,1.3,10.5,"inches"
283,"SC","2nd Revised ed. edition","Sin City. Family Values","Crime","Graphic Novel",0,22,"N/A","Frank","Miller",1,"USA","White","1957-01-27",53,NA,NA,NA,1,NA,NA,NA,NA,NA,0,128,"Milwaukee, USA","Dark Horse",NA,"2010-11-09",6,0.4,9,"inches"
